1786965416.060,480000,480000,480000,480000
1786965416.223,480000,480000,480000,480000
1786965416.387,480000,480000,480000,480000
1786965416.552,480000,480000,480000,480000
1786965416.715,480000,480000,480000,480000
1786965416.875,480000,480000,480000,480000
1786965417.033,480000,480000,480000,480000
1786965417.199,480000,480000,932559,1295736
1786965417.362,480000,480000,480000,480000
1786965417.525,480000,480000,480000,480000
1786965417.692,480000,480000,480000,480000
1786965417.859,480000,480005,480000,480000
1786965418.021,480000,480000,480000,480000
1786965418.183,480000,480000,480000,480005
1786965418.346,480000,480000,480000,480000
1786965418.510,480000,480000,480000,480000
1786965418.673,480000,810336,480000,480000
1786965418.834,480000,480000,480000,480000
1786965418.995,479994,480000,1013948,480000
1786965419.157,480000,480000,480000,480000
1786965419.314,480000,480000,480000,480000
1786965419.471,480000,480000,480000,480000
1786965419.630,480000,480005,480000,480000
1786965419.792,480000,480000,480000,480000
1786965419.956,480000,480000,480000,480000
1786965420.114,480000,508526,480000,480000
1786965420.275,480000,479994,480000,713252
1786965420.433,480000,480000,480000,480000
1786965420.597,480000,480000,480000,618573
1786965420.759,480000,480000,480000,480000
1786965420.921,480000,480000,480000,480000
1786965421.079,479992,480000,480000,480000
1786965421.242,480000,480000,480000,744553
1786965421.405,480000,480000,480000,480000
1786965421.567,479993,480000,480000,480000
1786965421.728,480000,480000,480000,480000
1786965421.890,480000,927495,480000,480000
1786965422.051,480000,480000,480000,480000
1786965422.212,480000,480000,480000,480000
1786965422.372,480000,480000,480000,480000
1786965422.536,480000,480000,480000,480000
1786965422.699,480000,480000,480000,753564
1786965422.862,480000,480000,480000,523062
1786965423.025,480000,480000,480005,480000
1786965423.186,480000,480000,480000,480000
1786965423.343,480000,480000,480000,928656
1786965423.503,480000,480000,480000,480000
1786965423.665,479994,480000,480000,480006
1786965423.829,480000,479994,648851,1156971
1786965423.990,480000,480000,480000,480000
1786965424.150,480000,480000,480000,480000
1786965424.312,480000,479994,480000,480000
1786965424.473,479993,480000,480010,480005
1786965424.633,480000,480000,649778,480000
1786965424.795,480000,895639,480000,480000
1786965424.957,480000,480000,480000,480000
1786965425.124,480000,480000,480000,480000
1786965425.286,479946,480000,480000,480000
1786965425.447,480000,480000,698590,765292
1786965425.611,480000,480000,480000,480000
1786965425.774,480000,582175,480000,480000
1786965425.936,480000,480000,480000,867153
1786965426.097,480000,480000,551008,480000
1786965426.259,480000,479994,480000,480000
1786965426.427,480000,480000,480000,480000
1786965426.606,1152216,1339420,479993,480017
1786965426.767,480000,479994,480000,480012
1786965426.928,480000,676793,480000,479994
1786965427.090,480000,480000,480000,480006
1786965427.250,480000,480000,480000,618282
1786965427.413,480000,480005,480000,480000
1786965427.577,480000,479993,480000,480000
1786965427.740,480000,480000,480000,480000
1786965427.908,480000,832109,480000,480000
1786965428.072,480005,480000,480000,670751
1786965428.234,552643,997556,480000,480000
1786965428.398,480000,480000,1199756,1024750
1786965428.563,479993,480000,479994,480000
1786965428.725,480000,480000,874676,480006
1786965428.888,480000,480000,480000,480000
1786965429.050,480000,480000,480000,480000
1786965429.215,480005,480000,480000,480000
1786965429.379,480000,480000,480000,480006
1786965429.541,480000,480000,480000,480000
1786965429.703,480000,480000,480000,480000
1786965429.865,480000,480000,480000,797558
1786965430.029,480000,480000,479994,480000
1786965430.190,480000,480000,480000,809093
1786965430.352,480000,480000,480000,480000
1786965430.517,479951,512690,480000,480000
1786965430.679,480000,480005,480000,480000
1786965430.841,480000,519760,480000,479994
1786965431.002,480000,480000,480000,480000
1786965431.164,480000,480000,480000,480000
1786965431.325,480000,480005,479993,480000
1786965431.486,480000,480006,572049,1023021
1786965431.650,480000,480000,480000,480000
1786965431.814,682825,985453,480000,480000
1786965431.978,480000,480000,820714,802932
1786965432.142,553257,480000,480000,480000
1786965432.303,661467,846724,480000,480000
1786965432.465,480000,480000,737130,480000
1786965432.629,479994,480006,480000,480000
1786965432.797,480000,480005,479993,480000
1786965432.970,479993,480000,480000,480000
1786965433.153,479993,480000,480000,479993
1786965433.326,480000,480000,480000,480000
1786965433.490,480000,480000,480006,480000
1786965433.654,480000,480000,480000,480000
1786965433.819,480000,480000,480000,480000
1786965433.982,480000,772347,480000,480000
1786965434.145,480000,480000,599722,531411
1786965434.307,480000,480000,480000,480000
1786965434.472,480000,480000,480000,480000
1786965434.639,480000,480000,480000,918499
1786965434.801,480000,479994,480000,480000
1786965434.969,480000,480000,480000,480000
1786965435.136,480000,480000,479994,480000
1786965435.299,480000,480000,479993,480000
1786965435.463,480000,480022,480000,480000
1786965435.626,480000,480000,480000,480000
1786965435.792,480000,480000,480000,479987
1786965435.954,480000,480000,480000,480000
1786965436.116,480000,480000,716295,566821
1786965436.276,596452,576332,480000,480000
1786965436.440,480000,480000,480000,480000
1786965436.602,480000,480000,480000,480000
1786965436.764,480000,561176,480000,480000
1786965436.927,480013,480000,480006,480000
1786965437.097,480000,480000,480000,480000
1786965437.260,480000,480000,480000,480000
1786965437.421,480000,480000,480005,480000
1786965437.584,480000,841115,480000,480000
1786965437.748,480000,480000,480000,480000
1786965437.909,480000,480000,480000,480000
1786965438.069,480000,480000,537523,1038171
1786965438.231,480000,479993,480005,480000
1786965438.398,480000,480000,480005,480005
1786965438.569,480000,480000,480000,480000
1786965438.732,480000,480000,480000,480000
1786965438.889,480000,480000,480000,578974
1786965439.051,480000,480006,479993,480000
1786965439.217,480000,480000,480000,480000
1786965439.382,480000,480000,480000,480000
1786965439.575,480000,480005,480000,480000
1786965439.762,480000,480006,480000,480000
1786965439.926,600074,809405,480000,480000
1786965440.088,480000,480000,480000,480005
1786965440.248,480000,480000,480000,480000
1786965440.410,479993,480000,480000,480000
1786965440.576,480000,480000,479993,480000
1786965440.740,480000,673677,480000,480000
1786965440.901,480000,480000,480000,480006
1786965441.064,480000,480000,480006,480000
1786965441.229,480000,480011,480000,480000
1786965441.397,480005,480000,480005,480000
1786965441.580,480000,480000,480000,480000
1786965441.747,479993,479993,480000,480006
1786965441.914,480000,480000,480000,480000
1786965442.077,480000,480000,480000,949341
1786965442.242,480000,480000,480000,480000
1786965442.406,480000,480000,480000,480006
1786965442.574,748547,1298222,480000,480000
1786965442.737,480000,480000,480000,480000
1786965442.899,480000,480000,480000,480000
1786965443.060,480000,480000,480000,480005
1786965443.218,480000,480005,480000,480000
1786965443.380,480000,879981,480000,480000
1786965443.542,480000,480000,480000,480000
1786965443.707,480000,480000,480000,479963
1786965443.861,480000,479993,480000,723546
1786965444.023,480000,816486,480000,480000
1786965444.186,480000,480000,583823,544978
1786965444.348,480000,480000,480000,480000
1786965444.510,1600454,1600000,480000,480000
1786965444.672,480000,480000,480000,480000
1786965444.833,480000,480000,480000,479993
1786965445.004,480000,479994,480000,480000
1786965445.170,479994,480000,480000,480000
1786965445.334,480000,480000,480000,480000
1786965445.497,480000,480000,480000,537254
1786965445.660,480000,480000,480006,480000
1786965445.822,480000,480000,480000,479886
1786965445.985,480000,480000,480000,539882
1786965446.149,480000,480000,479993,480000
1786965446.315,480000,480000,480000,480005
1786965446.477,480000,480000,480000,480000
1786965446.639,480000,480000,538625,1132768
1786965446.799,480000,792540,480000,480000
1786965446.962,480000,480000,480000,480000
1786965447.116,480000,1052433,480000,480000
1786965447.278,480000,479993,480000,480000
1786965447.439,480000,480000,480000,480000
1786965447.606,479981,480000,480005,480000
1786965447.769,480000,480000,573679,866096
1786965447.930,480000,653525,480000,480000
1786965448.092,480000,480000,804658,855146
1786965448.254,479993,1180497,480000,480000
1786965448.416,480000,480000,480000,480000
1786965448.580,480000,480000,480006,480000
1786965448.740,480000,480000,480000,480000
1786965448.906,479994,480000,480000,480005
1786965449.072,480000,480000,480000,480000
1786965449.236,480000,480000,680448,860360
1786965449.396,480000,480000,480000,480000
1786965449.559,480000,480000,480000,984858
1786965449.724,480000,480000,480000,480000
1786965449.885,793404,1354150,480000,480000
1786965450.047,480000,480000,480005,480000
1786965450.211,480000,480000,480000,480000
1786965450.379,480000,480000,480000,479994
1786965450.542,480000,480000,586777,733441
1786965450.703,480000,480000,479994,480000
1786965450.867,480000,480000,480019,480005
1786965451.028,480000,480000,480000,1127111
1786965451.190,480000,480000,480000,480000
1786965451.350,480000,480005,480000,480000
1786965451.514,480000,479993,480000,480000
1786965451.683,480000,479994,480000,480000
1786965451.844,534344,480000,480000,480000
1786965452.007,480000,480000,480000,480000
1786965452.171,480000,480000,480000,480000
1786965452.335,479963,480000,480000,480000
1786965452.499,480000,480000,480000,480000
1786965452.661,480000,480000,480000,480000
1786965452.826,480000,480000,480000,480000
1786965452.992,480000,480000,480000,480000
1786965453.153,480000,480000,480000,479993
1786965453.312,480000,480000,480000,480000
1786965453.476,480000,480000,480000,480000
1786965453.638,480000,480000,480000,480000
1786965453.801,480000,844641,480000,480000
1786965453.963,480000,480005,480000,480000
1786965454.127,480000,480000,480000,480000
1786965454.299,480000,480000,480000,1182261
1786965454.463,480000,480000,480000,480000
1786965454.626,617804,621699,480000,480000
1786965454.790,480000,480000,480000,480000
1786965454.953,480000,480000,480000,819322
1786965455.116,480000,480000,480000,732641
1786965455.278,480000,480000,480000,480000
1786965455.443,480005,480000,480000,480000
1786965455.613,480000,480000,958253,823706
1786965455.776,480000,480000,480000,480000
1786965455.936,667855,480000,480000,480000
1786965456.097,480000,480000,480000,1106899
1786965456.254,480000,480000,594925,683676
1786965456.417,480000,641648,480000,480000
1786965456.582,623580,1466151,480000,479994
1786965456.748,480000,479993,480000,479993
1786965456.915,479994,480000,1293190,1090889
1786965457.076,480000,480000,480000,479993
1786965457.237,480000,480005,480000,1318218
1786965457.397,480000,480000,480000,480000
1786965457.561,480000,480000,480000,901609
1786965457.720,480000,480000,480000,480000
1786965457.879,480000,480000,480000,703040
1786965458.043,480000,480000,480000,480000
1786965458.212,480000,480000,634411,1146932
1786965458.374,480000,479993,480000,480000
1786965458.538,480000,480000,480000,888818
1786965458.700,480000,480000,480000,480000
1786965458.862,1311569,480000,480000,480000
1786965459.022,480000,480000,480000,480000
1786965459.183,480000,480000,480000,480000
1786965459.347,480000,479994,480000,480000
1786965459.512,480000,480005,523749,653516
1786965459.674,480000,480000,480000,844703
1786965459.835,667549,1266015,480000,480000
1786965459.999,480000,480000,480000,480000
1786965460.159,480000,480000,480000,480000
1786965460.320,480000,932135,480000,480000
1786965460.479,480000,480000,480000,480000
1786965460.639,480000,480000,480005,480000
1786965460.804,480005,480000,480000,480000
1786965460.964,479993,480000,1600000,1599500
1786965461.122,480000,480000,480000,480000
1786965461.284,480000,480000,480000,480000
1786965461.451,480000,480000,480000,480000
1786965461.610,480000,481343,480000,480006
1786965461.774,480000,480000,480000,480000
1786965461.934,480000,480000,480005,480000
1786965462.105,480006,480000,592808,763228
1786965462.265,480000,480000,479993,480000
1786965462.424,480000,480000,480006,480000
1786965462.586,480000,480000,480000,480000
1786965462.746,479993,480000,575520,787843
1786965462.908,480000,480006,480000,480000
1786965463.069,480000,480000,480000,480000
1786965463.230,551562,480000,480000,480000
1786965463.400,479993,480018,480000,480008
1786965463.562,480000,480000,480000,480000
1786965463.721,480000,480000,480000,480000
1786965463.879,480000,479993,480000,670262
1786965464.042,480000,480000,480000,480000
1786965464.204,480000,480000,480000,480000
1786965464.365,480000,480000,480000,480000
1786965464.529,480000,480000,480000,480000
1786965464.693,1087805,480000,479994,480000
1786965464.859,480000,480000,480024,480000
1786965465.021,480000,480000,480000,826009
1786965465.184,480000,480000,506076,480000
1786965465.348,480000,480000,480000,480000
1786965465.513,480000,480000,480000,480000
1786965465.674,480000,480000,480000,480000
1786965465.835,480000,480000,479994,480000
1786965466.003,480000,480000,480000,480000
1786965466.166,480000,480000,480000,531808
1786965466.330,480007,480000,479993,479987
1786965466.492,480000,480005,480000,480000
1786965466.653,480000,480000,480000,480000
1786965466.813,480000,480000,738298,762032
1786965466.976,480000,480000,480000,480000
1786965467.139,480000,480000,480000,480000
1786965467.306,480000,480000,480000,480000
1786965467.469,480000,570329,480000,480000
1786965467.631,480000,480000,480000,480000
1786965467.794,480000,480000,480000,480000
1786965467.955,480000,737560,480000,479994
1786965468.114,480000,480000,657823,843301
1786965468.278,480000,480000,480000,660817
1786965468.443,480000,480000,480000,480000
1786965468.611,480000,480000,602449,653873
1786965468.775,480006,480000,480000,479988
1786965468.936,480000,479993,480000,480000
1786965469.098,480000,480000,480000,480000
1786965469.259,480000,480000,480000,1012123
1786965469.420,480000,480006,480000,480000
1786965469.586,480000,480000,480000,480000
1786965469.757,480000,480006,480000,480000
1786965469.955,480000,480000,480000,480000
1786965470.130,480000,480000,480000,480000
1786965470.292,480000,480000,480000,480000
1786965470.458,480000,480000,597084,734066
1786965470.620,480000,480000,480000,480000
1786965470.783,480000,480000,480000,480000
1786965470.947,480000,480000,480000,480000
1786965471.107,480000,480000,480006,480000
1786965471.271,480000,480000,480000,480005
1786965471.435,922544,480000,479994,480000
1786965471.598,480000,479994,480000,673934
1786965471.762,480000,480000,480000,480000
1786965471.929,480000,480000,480000,480000
1786965472.096,480000,480000,479934,480000
1786965472.266,480000,480000,480000,480000
1786965472.432,480006,480000,480000,480006
1786965472.614,480000,480006,480000,480000
1786965472.779,480000,540951,480000,480000
1786965472.941,480000,480000,593066,480000
1786965473.101,900663,480000,480000,479993
1786965473.263,480000,480000,717422,480000
1786965473.425,480005,480000,480000,480000
1786965473.590,480000,480000,480000,480000
1786965473.753,480000,480000,992261,1222204
1786965473.920,480000,480000,480000,480000
1786965474.088,480000,480000,479994,480000
1786965474.249,480000,479993,686594,480000
1786965474.411,889753,1263111,480000,480000
1786965474.580,480000,1196982,480000,480000
1786965474.741,480000,480000,866212,480000
1786965474.903,480000,480000,480000,480000
1786965475.065,660786,1165562,480000,480000
1786965475.229,480000,480000,480000,480000
1786965475.394,480000,480000,480000,480000
1786965475.558,480000,480000,480000,708404
1786965475.719,707394,810979,480016,480000
1786965475.883,480000,652800,480000,480000
1786965476.048,480000,479993,480000,480000
1786965476.213,480018,480000,480000,480000
1786965476.378,480000,480005,479994,480000
1786965476.549,480000,480000,480000,480000
1786965476.724,480000,480006,480000,480000
1786965476.888,480000,480000,480000,480000
1786965477.051,480000,862408,480000,480014
1786965477.211,480000,480000,480000,479950
1786965477.373,480000,480000,480000,480000
1786965477.536,480000,480000,480000,851431
1786965477.697,480000,1271024,480000,480000
1786965477.859,480000,480000,480000,480005
1786965478.025,480000,480000,590422,1576306
1786965478.187,480000,480000,480000,480000
1786965478.352,480000,480000,480000,480000
1786965478.520,480005,480000,480000,480005
1786965478.689,480000,480000,480000,480000
1786965478.853,480000,480000,479993,480000
1786965479.016,480000,480000,480000,480000
1786965479.177,480000,480000,479994,480000
1786965479.344,480000,530559,480000,480000
1786965479.508,480000,479993,1501518,1407070
1786965479.670,480000,480000,480000,480000
1786965479.831,480000,480000,480000,479993
1786965479.991,480000,480000,480000,480000
1786965480.152,480000,480000,480000,480000
1786965480.310,480000,480000,479993,480000
1786965480.472,480000,480000,480008,480000
1786965480.638,480000,479994,1070056,853122
1786965480.803,480000,480000,480000,480000
1786965480.964,479973,480000,479994,820480
1786965481.127,480000,480000,480000,480000
1786965481.290,480000,480000,480000,480000
1786965481.450,480000,480000,480000,480000
1786965481.611,480000,480000,480000,669707
1786965481.776,817707,711486,480000,479993
1786965481.945,480000,480000,480000,480000
1786965482.108,645610,1164323,480000,480006
1786965482.270,480000,480000,480000,480000
1786965482.431,480000,480000,480000,480000
1786965482.596,480000,479994,479993,480000
1786965482.757,480000,480000,480000,1082040
1786965482.919,1225984,843978,480000,480000
1786965483.082,480000,480000,840545,810051
1786965483.246,480000,480000,479994,479994
1786965483.415,480000,480010,480000,480000
1786965483.579,480000,480006,657944,518838
1786965483.740,587980,1137187,480000,480000
1786965483.903,480000,480000,480000,480000
1786965484.062,480000,480000,538098,480000
1786965484.224,480000,480000,479994,480000
1786965484.384,480000,480000,480000,480000
1786965484.547,480000,480000,480000,480000
1786965484.712,480000,480000,480000,480000
1786965484.874,480000,480000,480000,1042075
1786965485.038,480000,480000,480000,480000
1786965485.199,480000,480000,480018,480000
1786965485.363,480000,480000,564484,813720
1786965485.525,741971,480000,480000,480000
1786965485.689,480000,480000,480000,480000
1786965485.849,480000,480000,480000,480000
1786965486.015,479993,480000,479993,480000
1786965486.178,480000,480000,480000,480000
1786965486.341,480000,480000,1133435,1507646
1786965486.501,480000,480000,480019,480000
1786965486.666,480000,479994,480000,480000
1786965486.829,480000,480000,567305,820568
1786965486.993,480000,777382,480000,480000
1786965487.155,479993,480000,480000,480000
1786965487.321,480000,480000,480000,480006
1786965487.485,480000,480000,480000,480000
1786965487.646,612615,892553,480000,480000
1786965487.809,480000,480000,480000,569312
1786965487.971,480000,480000,480000,480000
1786965488.129,480000,480000,480000,1087510
1786965488.291,480000,480000,480000,480000
1786965488.454,480006,480000,480000,480000
1786965488.620,480005,480000,480000,480000
1786965488.785,480000,480000,480000,480000
1786965488.948,480000,480000,480000,480000
1786965489.110,480000,480000,594606,690151
1786965489.272,480000,1113931,480000,480000
1786965489.439,479993,480000,679713,1032719
1786965489.602,480000,480000,480000,480000
1786965489.764,480000,480000,480000,480000
1786965489.929,480006,480000,480000,480000
1786965490.093,480000,480005,479994,479993
1786965490.253,480000,480000,480000,480000
1786965490.414,479994,480000,480000,480000
1786965490.580,480000,480000,480000,1261248
1786965490.740,480000,627985,480000,480000
1786965490.903,480000,480000,480000,480000
1786965491.064,480000,480000,480000,480000
1786965491.230,480000,480000,480000,480000
1786965491.396,480000,480000,479994,480000
1786965491.560,480000,480000,480000,480000
1786965491.722,480000,480000,480000,480000
1786965491.884,480000,480000,480000,1038371
1786965492.045,480000,993849,480000,480000
1786965492.209,480000,480000,480000,480000
1786965492.372,480000,480000,480000,480000
1786965492.541,479989,480000,480000,480000
1786965492.710,480000,480000,480000,480000
1786965492.870,480000,480000,480000,973700
1786965493.030,480000,480000,480000,480000
1786965493.192,480000,480000,480000,480000
1786965493.355,480000,480000,480000,480000
1786965493.516,480000,480000,480000,480000
1786965493.681,480000,480000,480000,480006
1786965493.878,480000,480000,480006,480005
1786965494.070,480000,480000,480006,480000
1786965494.235,480000,480000,480000,480000
1786965494.398,480000,480000,480000,852369
1786965494.562,480000,480005,480000,480000
1786965494.721,480000,480000,480000,998293
1786965494.883,480000,686092,480000,480000
1786965495.045,480000,480000,480000,480000
1786965495.207,480000,480000,479994,480000
1786965495.372,480000,480000,480000,480000
1786965495.532,480000,480000,480000,479993
1786965495.695,480000,479994,480000,480000
1786965495.863,480000,479994,480000,479994
1786965496.029,480000,480000,480000,480000
1786965496.193,480000,480000,480000,480000
1786965496.355,480000,480000,480006,480000
1786965496.520,480000,480000,480000,480000
1786965496.683,480000,480000,480000,479993
1786965496.848,480000,480000,577279,630481
1786965497.011,532104,580493,479994,480000
1786965497.173,480000,572187,480005,480000
1786965497.335,480000,479993,480000,480005
1786965497.495,480000,480000,480000,479987
1786965497.657,480000,480000,480000,480000
1786965497.816,480000,480000,480000,480005
1786965497.984,480000,480000,480000,480000
1786965498.147,480000,479993,480006,781909
1786965498.308,480006,480000,480000,480000
1786965498.467,480000,480000,480000,480000
1786965498.631,480000,480000,480000,479994
1786965498.792,480000,480000,480000,575637
1786965498.952,706055,900884,480000,480000
1786965499.114,480006,480000,480007,480000
1786965499.282,480000,935272,480000,480007
1786965499.449,480000,480000,480000,480000
1786965499.610,480000,480000,480000,480000
1786965499.771,480000,816237,480000,480000
1786965499.934,480000,480000,480000,480000
1786965500.097,548708,730818,480000,480000
1786965500.261,480000,480000,480000,480000
1786965500.424,480005,480000,480000,480000
1786965500.596,480000,480005,618483,711884
1786965500.759,480000,480000,480000,480000
1786965500.921,480000,480000,480000,543132
1786965501.083,480000,480000,480000,480000
1786965501.244,480006,480000,480000,479994
1786965501.406,480000,480005,480000,480000
1786965501.570,480000,480000,480000,480000
1786965501.728,480000,480000,480005,480000
1786965501.893,480000,480000,480000,480000
1786965502.056,480000,480000,480000,480000
1786965502.216,855801,479981,480000,480000
1786965502.377,480000,480000,876949,1566476
1786965502.540,480000,480000,595864,642379
1786965502.703,480000,480000,480000,485023
1786965502.864,480000,480000,480000,480000
1786965503.025,480000,480000,480000,479994
1786965503.190,480000,480000,480000,480000
1786965503.355,480000,480000,730088,480000
1786965503.516,480000,1110656,480000,480000
1786965503.678,480000,1490374,480000,480000
1786965503.840,480006,480000,480000,480000
1786965504.003,480000,480000,480000,480000
1786965504.165,480000,480000,480014,480000
1786965504.327,480000,480000,480006,480000
1786965504.489,480000,480000,480000,480000
1786965504.656,480000,480000,519129,480000
1786965504.817,480000,480005,480000,480000
1786965504.980,480000,479994,480000,480000
1786965505.142,480000,479935,480000,480000
1786965505.304,480000,480000,480000,714897
1786965505.457,480000,480000,480000,480000
1786965505.617,480000,479994,480000,840698
1786965505.781,480000,480000,480000,480000
1786965505.946,480000,480000,480000,480000
1786965506.110,480000,480000,480000,480000
1786965506.272,480000,480000,480000,480000
1786965506.438,480000,480000,480000,480000
1786965506.603,479993,480000,480000,480000
1786965506.770,480000,480000,480000,480000
1786965506.941,480000,480000,480006,480006
1786965507.122,480000,480000,480000,480000
1786965507.296,480000,480000,480000,480000
1786965507.461,480000,480000,734774,769199
1786965507.626,480000,480005,531786,480000
1786965507.791,480000,480000,480000,480000
1786965507.954,480000,480000,480000,480000
1786965508.116,480000,627862,480000,480000
1786965508.279,480005,480000,480000,480000
1786965508.444,480000,480000,480000,480000
1786965508.610,480000,480000,480000,987025
1786965508.774,480000,480000,480000,480000
1786965508.944,480000,480000,480000,480000
1786965509.116,480000,480000,480000,480000
1786965509.281,480000,480000,480000,480006
1786965509.446,480000,480000,480000,480000
1786965509.610,480000,480000,480000,480000
1786965509.775,480000,480000,479993,480000
1786965509.941,480000,480000,480000,480000
1786965510.103,480000,480000,480000,480000
1786965510.265,480000,480000,480000,480000
1786965510.427,480000,480000,480000,480000
1786965510.591,800199,1064728,480000,480000
1786965510.753,480000,1334966,479993,480000
1786965510.913,480006,480000,480006,479993
1786965511.081,480000,480005,480000,480006
1786965511.246,480000,480000,480006,480000
1786965511.408,479993,480000,480008,480000
1786965511.574,480005,480000,480000,480000
1786965511.737,480000,480000,480000,480000
1786965511.898,480000,480000,699073,480000
1786965512.058,480000,480000,480000,480000
1786965512.218,480000,480000,480000,480000
1786965512.386,480000,480000,480000,480000
1786965512.562,582158,1287929,479994,480000
1786965512.725,813962,682670,480000,479994
1786965512.890,533938,1168970,480000,480000
1786965513.054,480000,480000,480000,480000
1786965513.221,480000,480006,480000,480000
1786965513.388,480000,479994,480000,480000
1786965513.573,480000,480006,480006,480000
1786965513.754,480000,480000,480000,480000
1786965513.926,480000,480000,480000,480000
1786965514.089,480000,480000,480000,480000
1786965514.254,480000,480000,701541,961669
1786965514.412,480000,480000,480000,480000
1786965514.579,480000,480000,480000,932917
1786965514.741,480000,480000,480000,910541
1786965514.903,480000,480000,480000,480000
1786965515.067,480000,480000,480000,480000
1786965515.233,480005,480000,480000,480000
1786965515.397,480000,480000,480000,480000
1786965515.573,480000,480005,479993,479994
1786965515.741,480000,479953,480000,480000
1786965515.908,480000,480005,480000,480000
1786965516.071,480000,480000,480000,480000
1786965516.233,480000,480000,480000,480014
1786965516.398,480000,480005,480000,480000
1786965516.573,480000,480000,480000,885999
1786965516.733,480000,624485,480013,480000
1786965516.894,1185645,1388205,480000,480000
1786965517.054,480000,480000,592540,617884
1786965517.216,480007,480000,480000,480000
1786965517.377,480000,480000,608363,614140
1786965517.540,480000,480006,1003144,480000
1786965517.704,480000,480000,480000,480000
1786965517.871,480000,480000,480016,480000
1786965518.034,480000,480000,541455,842899
1786965518.198,480000,480000,480000,480000
1786965518.356,480000,567444,480000,480000
1786965518.518,480000,480000,665719,893257
1786965518.684,480000,480000,480000,479976
1786965518.844,480000,479994,480000,480006
1786965519.006,479994,480000,480005,480000
1786965519.171,480000,645802,480000,480000
1786965519.333,480000,480000,479993,480000
1786965519.491,480000,480000,764630,480000
1786965519.657,480000,480000,480000,480006
1786965519.825,480000,480000,480000,480000
1786965519.993,480000,480000,480005,480000
1786965520.162,480000,480005,480000,479993
1786965520.330,480000,480000,480000,480000
1786965520.499,480000,480000,479994,1290985
1786965520.660,613424,1005395,480000,480000
1786965520.821,480000,480005,480000,850422
1786965520.983,586566,626403,480000,480000
1786965521.146,480000,480000,747066,480000
1786965521.309,480000,480000,480019,480005
1786965521.471,480000,480000,480000,636181
1786965521.633,480006,480000,480000,480006
1786965521.804,480000,480000,480000,480000
1786965521.971,480000,480000,480000,479994
1786965522.140,480000,480000,480006,480000
1786965522.307,480000,480000,480000,480000
1786965522.469,480000,479991,480006,480000
1786965522.634,480000,480000,656555,480000
1786965522.797,480000,952513,480000,479994
1786965522.961,479993,480000,480000,480000
1786965523.127,480000,480000,480000,480000
1786965523.290,480005,480000,480000,644483
1786965523.452,480000,480000,480000,480000
1786965523.613,480000,480000,480000,480000
1786965523.775,480000,479993,523125,480000
1786965523.935,479994,588306,480000,480000
1786965524.096,480000,480000,480006,480000
1786965524.260,480006,480000,480000,480000
1786965524.425,480000,480000,480000,480000
1786965524.588,480000,480000,955036,967297
1786965524.751,480000,539270,480000,480000
1786965524.912,480000,969697,480000,479994
1786965525.075,480000,480006,479991,480000
1786965525.239,480000,479993,480000,878894
1786965525.402,480000,480000,480000,480000
1786965525.569,480000,480006,480005,480000
1786965525.733,480000,480000,480000,480000
1786965525.897,480000,480000,480000,479945
1786965526.060,480000,480000,480000,480000
1786965526.228,480000,480000,480000,480000
1786965526.394,480000,480000,480000,480000
1786965526.574,480005,480005,480000,480000
1786965526.742,480000,480006,480000,480000
1786965526.911,480000,480000,479993,480000
1786965527.080,480000,480000,480000,480000
1786965527.242,479993,480000,480000,480000
1786965527.402,480000,480000,480000,479993
1786965527.565,1600020,1600934,480000,480000
1786965527.726,480000,480000,480000,602796
1786965527.887,480000,480000,480000,480000
1786965528.048,480000,480000,480000,480000
1786965528.212,480000,480000,480000,480000
1786965528.400,480000,480000,480000,480006
1786965528.589,480000,479993,480000,480000
1786965528.753,480000,480000,480000,480000
1786965528.917,480000,480006,480000,480000
1786965529.080,480000,480000,480000,480000
1786965529.243,480000,480000,480000,480000
1786965529.404,479994,480000,480000,480000
1786965529.569,480000,480000,480000,480000
1786965529.736,480000,480000,480000,479929
1786965529.898,480005,480000,869869,1144578
1786965530.060,480000,480000,480000,480000
1786965530.223,480006,480000,724386,480000
1786965530.385,480005,480005,480000,480000
1786965530.550,480000,480000,513357,480000
1786965530.714,480000,480000,480000,480000
1786965530.875,480000,480000,480000,480000
1786965531.040,480000,479994,480000,480000
1786965531.202,480000,480000,661897,1139868
1786965531.365,480000,480000,480000,480005
1786965531.529,480000,480000,479993,480000
1786965531.690,480000,480000,480000,1071775
1786965531.852,479986,563375,480000,480000
1786965532.009,480000,480000,480000,480000
1786965532.171,480000,479994,480000,480000
1786965532.338,480006,480000,480000,480000
1786965532.501,480000,480000,480000,480000
1786965532.663,480000,480000,480000,480000
1786965532.830,480000,480006,480000,480000
1786965532.997,480000,480000,480000,480000
1786965533.164,479994,480000,480000,480012
1786965533.328,480000,480000,480006,479993
1786965533.490,480000,480000,480000,479994
1786965533.655,480000,480000,479988,480000
1786965533.819,480000,480000,480000,488097
1786965533.978,480000,480000,480000,480006
1786965534.142,480000,480000,479993,480000
1786965534.301,480000,480000,480000,480000
1786965534.463,480005,480000,701252,880873
1786965534.623,480000,480000,480006,480000
1786965534.786,480000,480000,480000,480000
1786965534.967,480000,480000,480000,480000
1786965535.151,480000,479994,480000,480000
1786965535.319,480000,480000,480006,480000
1786965535.483,480006,480000,479993,480000
1786965535.647,480000,480000,480000,480000
1786965535.809,480005,480000,480000,577800
1786965535.971,480000,480000,480000,480000
1786965536.130,480000,480000,480000,480000
1786965536.293,480000,480000,480000,480000
1786965536.460,480000,480000,480000,659438
1786965536.625,480000,480000,480000,480000
1786965536.786,534994,607874,480000,479993
1786965536.949,480000,480005,480000,856104
1786965537.111,480000,480000,480000,480000
1786965537.273,480000,480000,480000,480000
1786965537.435,480000,480000,480000,599524
1786965537.599,480000,480000,480000,479994
1786965537.767,480000,480000,480000,480013
1786965537.929,480000,480000,480000,480000
1786965538.091,480000,480006,748890,844230
1786965538.255,480005,480000,480000,480000
1786965538.417,480000,479989,480000,480000
1786965538.582,1003650,1520194,480000,480000
1786965538.744,480000,479993,1029929,787082
1786965538.906,480000,480000,480000,480000
1786965539.076,480000,480000,480000,480000
1786965539.239,480000,480000,480000,480000
1786965539.399,480000,480000,480000,480000
1786965539.563,480000,480000,480000,741913
1786965539.726,479990,480000,480000,480000
1786965539.888,480000,479899,590577,829417
1786965540.049,480000,480000,480014,480000
1786965540.213,480000,480000,480000,480000
1786965540.378,480000,480000,480000,480006
1786965540.540,480000,480000,480000,480000
1786965540.700,480000,480000,479994,480000
1786965540.862,480000,480005,597041,910997
1786965541.025,480000,1680000,480000,480000
1786965541.188,480000,521868,480000,480000
1786965541.348,480000,480000,480000,480000
1786965541.511,480000,479993,480000,480005
1786965541.681,480000,480000,480000,513213
1786965541.845,480000,480000,480012,480000
1786965542.006,480000,480005,480000,774857
1786965542.166,480000,480000,793640,668600
1786965542.330,480000,480000,480000,480000
1786965542.493,480000,480000,480018,480000
1786965542.654,480000,480000,780179,480000
1786965542.817,480005,480000,480000,480005
1786965542.984,480000,480000,480000,480000
1786965543.146,480000,480000,480000,480000
1786965543.307,480000,480000,480000,480000
1786965543.469,480000,480000,598137,1211238
1786965543.630,480000,480000,480000,480000
1786965543.790,480000,480018,480000,480000
1786965543.949,480000,480000,480000,648531
1786965544.110,479994,480000,479993,480000
1786965544.273,479973,480000,480000,480000
1786965544.436,480000,480000,687032,480000
1786965544.602,479994,480000,480000,480000
1786965544.752,480000,480000,692475,479987
1786965544.915,480000,479994,480000,480000
1786965545.079,480000,480000,480005,636817
1786965545.241,480000,480000,480000,480000
1786965545.402,479993,480000,480000,480000
1786965545.575,480000,480000,480000,480009
1786965545.732,480000,838040,480000,480000
1786965545.893,480000,480000,480000,480000
1786965546.054,479994,935346,480000,480000
1786965546.215,480000,480000,480000,480000
1786965546.375,480000,480000,480000,480000
1786965546.540,480000,480000,480000,480000
1786965546.708,480000,479994,480000,480000
1786965546.872,480000,480000,480000,480000
1786965547.035,480000,480000,710513,480000
1786965547.196,479993,480000,480000,479989
1786965547.356,480000,480000,480000,718312
1786965547.521,480000,480000,480000,480000
1786965547.683,579782,622317,480000,480000
1786965547.846,480000,480000,480000,480000
1786965548.007,480000,480000,480000,480000
1786965548.174,480000,522478,480000,480000
1786965548.339,621089,598554,480000,480000
1786965548.502,480000,480000,480000,480000
1786965548.662,480000,703570,480000,480000
1786965548.825,480000,480000,723657,758898
1786965548.987,480000,480000,480000,480000
1786965549.151,480000,479993,725125,480000
1786965549.313,480000,480000,480000,480000
1786965549.482,480000,1015796,479987,480000
1786965549.646,480000,480006,718878,1233969
1786965549.808,839182,480000,480000,480000
1786965549.970,480000,480000,480000,480000
1786965550.133,480000,480000,480000,480000
1786965550.292,480000,480000,480000,480000
1786965550.454,480000,480000,480000,480000
1786965550.618,480000,480000,480005,480000
1786965550.783,552243,700870,480000,480000
1786965550.946,480000,651122,480000,480000
1786965551.109,787884,816875,480000,480012
1786965551.270,480000,480000,480000,480000
1786965551.432,480000,1217205,480000,480000
1786965551.593,480000,480000,480000,480000
1786965551.755,480000,480000,480000,480000
1786965551.917,480000,480000,480000,480000
1786965552.083,480000,480000,479985,480000
1786965552.248,480000,480000,627315,480000
1786965552.409,480006,480000,480000,480000
1786965552.576,479994,480000,480000,480000
1786965552.738,480000,480005,480000,724673
1786965552.900,479992,908532,480000,480000
1786965553.062,480000,479993,480000,1001385
1786965553.222,479993,479991,479993,480000
1786965553.389,480000,480000,479992,480000
1786965553.554,480000,480000,480000,480005
1786965553.715,480000,480000,480000,480000
1786965553.878,480000,480000,480000,655400
1786965554.042,480000,480000,480000,480000
1786965554.202,480000,480000,480000,515074
1786965554.364,480000,480000,480000,480000
1786965554.526,480000,480000,479993,480000
1786965554.695,480000,480000,480000,480000
1786965554.850,480000,479993,480000,621217
1786965555.011,480000,607704,480000,480000
1786965555.166,480000,479994,480000,604614
1786965555.328,480000,480000,480000,480000
1786965555.491,480000,480000,577500,611519
1786965555.656,480000,480000,480000,480000
1786965555.818,480000,480000,480000,480000
1786965555.984,479994,480006,480000,480000
1786965556.154,480000,480000,480000,480000
1786965556.313,480000,480000,480000,480000
1786965556.475,480000,480000,480000,1097589
1786965556.638,480000,480000,480000,480000
1786965556.799,480000,480000,480000,480000
1786965556.961,480000,480006,717626,1012717
1786965557.124,480000,480000,480000,480000
1786965557.288,480000,480000,480000,480000
1786965557.456,480000,480000,480000,480000
1786965557.619,480000,862070,480000,480000
1786965557.779,480000,480000,480000,480000
1786965557.940,480000,480000,480000,480000
1786965558.092,480000,480000,480000,480000
1786965558.256,480000,480000,480000,480000
1786965558.416,480000,480000,480000,480000
1786965558.585,480000,480005,480000,480000
1786965558.751,480000,480000,714249,901481
1786965558.912,480000,744086,480000,480000
1786965559.076,480000,480000,480000,479993
1786965559.239,480000,727314,480000,480000
1786965559.403,480000,480000,480000,480006
1786965559.569,480000,480000,724301,944724
1786965559.731,480000,780554,480000,480000
1786965559.894,480000,480000,480000,480000
1786965560.060,480007,480000,596398,1081671
1786965560.221,480000,480000,479994,480000
1786965560.383,480000,480000,480000,480000
1786965560.543,480000,771919,480000,480000
1786965560.710,480000,736983,480000,480000
1786965560.871,480000,480000,732450,480000
1786965561.033,480000,480000,885104,480000
1786965561.197,480000,480000,480000,480000
1786965561.362,480000,480000,480000,480000
1786965561.526,480000,480006,480000,480000
1786965561.685,480000,816788,480000,480005
1786965561.849,480000,480000,480000,1077906
1786965562.010,480000,480000,480000,480000
1786965562.171,480000,480000,884699,1084588
1786965562.334,480000,1680000,655065,824227
1786965562.496,480000,480000,480000,480005
1786965562.659,480000,480000,480000,480000
1786965562.822,480000,480000,480000,480000
1786965562.983,480000,637032,480013,480006
1786965563.146,480000,479994,480000,480000
1786965563.313,480000,479994,480000,480000
1786965563.486,480000,480000,480000,480000
1786965563.655,480000,480000,479993,480000
1786965563.821,480000,480000,480000,480000
1786965563.992,479993,480000,480000,480000
1786965564.156,480000,480000,480000,480000
1786965564.321,480006,480000,817236,857577
1786965564.484,480000,480000,480000,480000
1786965564.647,662297,1012839,480000,480000
1786965564.807,480000,480000,1600000,1600000
1786965564.966,480000,480000,717586,1150113
1786965565.124,480000,480000,480000,480000
1786965565.291,480000,480000,480000,480000
1786965565.472,480000,480000,480000,480000
1786965565.640,480000,480000,480000,480000
1786965565.806,480000,480000,480000,480000
1786965565.968,480000,480000,480000,480000
1786965566.133,480000,480000,480000,480000
1786965566.294,480000,480000,480000,480000
1786965566.461,480005,480000,480000,480000
1786965566.625,480000,480000,480000,480000
1786965566.792,480000,480000,480000,480000
1786965566.953,480006,480000,480000,480000
1786965567.114,480000,479934,480000,480005
1786965567.278,1600019,1600972,479990,480000
1786965567.437,480000,480000,480000,480000
1786965567.600,480000,480000,480000,480000
1786965567.759,480000,480000,480000,480000
1786965567.927,480000,480000,480000,480000
1786965568.090,480000,480000,545654,853951
1786965568.251,480000,480000,480000,480000
1786965568.413,480000,480000,480000,480000
1786965568.579,480000,480000,585200,554677
1786965568.739,480000,480000,479993,480000
1786965568.904,480000,480000,558233,975493
1786965569.066,480000,480000,480000,480000
1786965569.233,480006,480000,480000,480000
1786965569.396,480000,480000,1055539,513536
1786965569.560,480000,480000,797173,816018
1786965569.724,480000,480000,480000,480000
1786965569.885,480000,480000,480000,559012
1786965570.046,592861,545031,479993,480000
1786965570.209,479978,480000,480000,480000
1786965570.371,480000,479994,480000,479993
1786965570.540,480000,480000,480000,480000
1786965570.702,480000,480000,480000,479992
1786965570.863,480000,480000,480000,820505
1786965571.026,480000,947218,480000,480000
1786965571.186,480000,480000,674259,480000
1786965571.349,480000,480000,480005,480000
1786965571.511,557197,480000,480000,480000
1786965571.672,480000,480000,480000,480000
1786965571.835,480000,480000,480000,480000
1786965571.996,480000,480000,480000,480000
1786965572.154,480000,833163,480000,480000
1786965572.315,480000,480000,480000,480000
1786965572.477,480000,480000,480000,614228
1786965572.639,480006,536469,479977,480000
1786965572.802,480000,480000,480000,572823
1786965572.963,480000,480000,480000,480000
1786965573.128,480000,480000,480000,480000
1786965573.292,480000,480000,480000,480000
1786965573.453,480000,873943,479993,480000
1786965573.616,480000,480000,480000,480000
1786965573.776,480000,480000,480000,480000
1786965573.935,480000,480000,480000,480000
1786965574.099,665052,480000,480000,480000
1786965574.261,480005,480000,480000,480000
1786965574.430,480000,1066836,480000,480000
1786965574.599,480000,480000,480000,480000
1786965574.760,480000,480000,1600000,1600020
1786965574.912,667408,480000,480000,480013
1786965575.073,480000,480000,480000,480000
1786965575.233,522357,480000,480000,480000
1786965575.397,480000,480005,480000,480000
1786965575.564,480006,480000,480000,480000
1786965575.731,480000,480000,480000,480000
1786965575.894,480005,480000,594079,552119
1786965576.057,480000,480000,480000,480000
1786965576.221,480000,480006,479994,480000
1786965576.387,480006,480000,480000,479993
1786965576.572,480000,480000,480000,480000
1786965576.737,480000,480000,480000,480000
1786965576.902,480000,480000,480000,479993
1786965577.075,480000,480000,725626,1130870
1786965577.239,480000,480000,799650,480000
1786965577.399,480000,480000,480000,480012
1786965577.561,480000,480000,480000,480000
1786965577.724,480000,480000,480000,479994
1786965577.887,480000,480000,722247,480000
1786965578.050,480000,480000,480000,480000
1786965578.211,480000,480000,480000,480000
1786965578.388,480000,480000,480000,480000
1786965578.567,480000,479993,480000,480000
1786965578.733,479917,480000,480000,480000
1786965578.901,480000,480000,480000,480000
1786965579.065,479993,480000,952189,1124494
1786965579.230,480000,480000,587133,1000253
1786965579.391,480000,480000,480000,480000
1786965579.556,480000,480000,480000,480000
1786965579.722,480000,480000,480000,480000
1786965579.890,480000,480000,480000,480000
1786965580.052,480000,480000,479993,480000
1786965580.213,480000,480000,480000,480000
1786965580.374,480000,480006,480000,480000
1786965580.539,480000,480000,480000,480000
1786965580.703,480000,480000,480000,480000
1786965580.863,480000,480000,480000,480000
1786965581.029,480006,480000,480000,480006
1786965581.195,480000,480000,950325,941174
1786965581.356,480000,480000,480000,480000
1786965581.517,480000,591139,480000,480000
1786965581.679,480000,480000,504172,1016708
1786965581.841,480000,480000,480000,576618
1786965582.004,479994,480000,480000,480000
1786965582.165,480000,480000,480000,480000
1786965582.330,480000,479993,480000,480000
1786965582.493,661660,479993,480000,479994
1786965582.656,480000,480000,792385,1188876
1786965582.818,480000,1210048,479994,480000
1786965582.981,480000,847123,480000,480007
1786965583.142,480000,480000,484480,613097
1786965583.301,480000,480000,480000,480000
1786965583.459,480000,480000,480000,1329144
1786965583.624,480006,480000,480000,480000
1786965583.792,480000,479994,480000,480000
1786965583.956,480000,480000,480000,521709
1786965584.119,480000,480000,535078,480000
1786965584.282,480000,743662,479907,480000
1786965584.443,480000,480000,480000,480000
1786965584.605,480000,480000,480000,480000
1786965584.765,480006,480000,480000,480000
1786965584.936,479993,480000,479993,480000
1786965585.128,479993,480000,479993,480000
1786965585.302,480000,480000,480005,480000
1786965585.466,480000,480000,480000,480000
1786965585.631,480000,480000,480006,480018
1786965585.795,480000,480006,480000,737724
1786965585.960,480000,480000,480000,479994
1786965586.112,480000,480000,479994,480000
1786965586.275,480000,480000,480000,480000
1786965586.440,480000,480000,480000,480000
1786965586.602,480000,480000,480000,480020
1786965586.765,480000,480000,480000,728363
1786965586.927,480000,480000,480000,480000
1786965587.091,480000,479993,480000,480000
1786965587.257,480000,480000,480000,479994
1786965587.426,480000,480000,480000,480000
1786965587.610,479993,480000,479994,480000
1786965587.786,480000,1073409,479994,480000
1786965587.955,480000,480000,480011,480000
1786965588.115,480000,480000,621494,480000
1786965588.278,480000,480000,480000,480000
1786965588.443,480000,480000,480000,480000
1786965588.607,480000,480000,480000,480000
1786965588.770,480000,480000,1154995,849712
1786965588.933,480000,480000,480000,480000
1786965589.097,480000,480000,480000,480000
1786965589.260,480000,480000,480000,480000
1786965589.425,480000,480000,480000,480000
1786965589.606,480000,480000,479994,480000
1786965589.772,480000,480000,480000,480000
1786965589.935,480000,480000,480000,480000
1786965590.097,480000,480000,480000,1227169
1786965590.261,480005,480000,480000,480000
1786965590.431,480000,480005,572093,735222
1786965590.595,480000,480000,480000,480000
1786965590.756,480000,480000,480000,480000
1786965590.922,480000,480000,480000,480000
1786965591.083,1600345,1600020,480000,480000
1786965591.243,480000,480000,480000,480000
1786965591.407,480000,480000,480000,479994
1786965591.606,480005,480000,480000,480000
1786965591.788,480000,480000,480000,480000
1786965591.965,479993,480000,480000,480000
1786965592.127,480000,480000,480000,480000
1786965592.290,480000,480000,480000,479994
1786965592.452,480000,480000,480018,480000
1786965592.616,480000,480000,480000,480000
1786965592.777,480000,480000,480000,480000
1786965592.937,480000,480000,480000,479993
1786965593.103,480000,480000,480000,1414479
1786965593.267,480000,504662,480000,480000
1786965593.430,480000,480000,480023,480000
1786965593.595,480000,480000,480000,480000
1786965593.756,479994,480000,526880,569354
1786965593.917,480000,480000,480000,480000
1786965594.078,480000,480000,480005,480000
1786965594.239,480000,480000,480000,480000
1786965594.405,480000,480000,479994,480000
1786965594.569,480000,480000,480000,480000
1786965594.729,480000,480000,565239,897523
1786965594.891,480000,479994,606715,663518
1786965595.055,480000,480000,480000,480009
1786965595.216,479994,480000,480000,479993
1786965595.379,480000,480000,480000,480000
1786965595.540,480000,480000,480000,480000
1786965595.705,480000,480000,683795,1300522
1786965595.866,480000,479945,480000,480000
1786965596.028,479993,480000,654346,737608
1786965596.191,548529,480000,480000,479993
1786965596.354,480000,480000,606410,1078119
1786965596.514,480000,480000,668017,848413
1786965596.677,480000,480000,480000,480000
1786965596.836,480000,479993,480000,479994
1786965597.002,480000,479961,480000,480000
1786965597.166,480000,701219,480000,480000
1786965597.328,480006,480000,480000,673287
1786965597.490,480000,480000,480015,480000
1786965597.652,480000,480000,480000,754604
1786965597.814,480000,996501,480000,480006
1786965597.977,480000,480000,639364,873523
1786965598.139,480000,480000,480000,480005
1786965598.304,480000,480000,597396,758229
1786965598.466,480000,503974,480000,480000
1786965598.626,480000,480000,639691,807685
1786965598.788,480000,480000,480000,480000
1786965598.952,656216,480000,480000,480000
1786965599.113,480000,480000,1144745,881697
1786965599.276,480000,479994,480000,480000
1786965599.439,479993,480000,480000,480000
1786965599.606,480000,480000,480000,480000
1786965599.770,480000,479994,480000,480000
1786965599.931,480000,480000,714629,953065
1786965600.093,480006,480000,480000,731710
1786965600.256,479981,480000,480000,480000
1786965600.417,480000,480000,480000,480000
1786965600.580,480000,480000,480000,480000
1786965600.741,480000,676729,480000,480000
1786965600.905,480000,480000,480000,479993
1786965601.069,480000,480000,480000,480000
1786965601.229,480000,1017110,480000,480000
1786965601.391,480000,480000,480000,480000
1786965601.555,480000,480000,480000,480000
1786965601.716,479993,480000,480000,480000
1786965601.876,480000,480000,480000,480000
1786965602.037,480000,480000,480000,768018
1786965602.198,480000,480000,480000,480000
1786965602.362,480000,700000,480010,480000
1786965602.527,480000,480000,480000,480000
1786965602.689,480000,479993,480000,480000
1786965602.847,1193235,1090053,480000,480000
1786965603.009,480000,480000,480016,480000
1786965603.170,480000,480000,642645,1015546
1786965603.330,480000,480000,480000,480000
1786965603.491,480000,480000,479993,480000
1786965603.656,480006,480000,480000,480000
1786965603.823,480000,479994,480000,480000
1786965603.982,765942,831292,480000,479993
1786965604.146,528333,1008732,480000,480000
1786965604.308,480000,480000,531519,697823
1786965604.470,480000,480000,480000,480000
1786965604.632,480000,480000,480000,697557
1786965604.795,480000,480000,480000,480000
1786965604.959,480000,480000,480000,480011
1786965605.123,480000,480000,480000,480000
1786965605.286,961974,861682,480000,480000
1786965605.447,480000,480000,480000,480000
1786965605.611,480000,480000,480000,480000
1786965605.774,480000,480000,1600000,1600000
1786965605.935,480000,480000,944971,861708
1786965606.095,480006,480006,480000,480000
1786965606.262,480000,480000,480000,480000
1786965606.423,480000,480000,479994,480005
1786965606.588,480000,480000,480000,480000
1786965606.752,480000,479993,708871,681162
1786965606.911,480000,480000,480000,480000
1786965607.074,480000,480005,736325,863889
1786965607.237,480000,480000,480000,480000
1786965607.398,480000,480000,480000,480000
1786965607.569,480000,480000,480000,480000
1786965607.733,480000,480000,737637,480000
1786965607.896,480000,480000,480000,480000
1786965608.057,480000,480000,480000,480000
1786965608.218,480000,480000,480000,480000
1786965608.379,480000,480000,480000,480000
1786965608.542,480000,480000,480000,480000
1786965608.703,480005,480000,480005,480000
1786965608.870,480000,480000,480000,480000
1786965609.035,480000,480000,962990,480000
1786965609.198,480000,799331,480000,480000
1786965609.361,480000,480005,498524,552555
1786965609.524,535284,716878,480000,480000
1786965609.686,480000,480000,480000,480000
1786965609.849,480000,480000,581622,480000
1786965610.012,480000,480000,480000,480000
1786965610.176,480000,480000,593928,642269
1786965610.337,480000,480089,480000,479993
1786965610.497,480000,480000,480000,809750
1786965610.659,479994,480000,480000,510799
1786965610.822,480000,480000,479994,480000
1786965610.984,680784,759811,480000,480000
1786965611.148,480026,579973,480000,480005
1786965611.313,480000,480000,480000,479993
1786965611.481,480000,480000,480000,1199326
1786965611.646,480000,480000,480000,830189
1786965611.808,480000,480000,480000,480000
1786965611.971,480000,480000,480000,480000
1786965612.134,480000,586316,480000,480000
1786965612.297,480000,480000,480000,731227
1786965612.459,592588,1332884,480000,480000
1786965612.622,480000,480005,480000,480000
1786965612.786,480000,480000,685378,623584
1786965612.950,480000,480000,480000,692750
1786965613.113,480000,480000,480000,1027780
1786965613.275,480000,480000,480000,479993
1786965613.435,480000,479994,588050,697432
1786965613.599,480000,479993,901436,480000
1786965613.761,480000,480000,480000,480000
1786965613.923,480000,480000,480000,480000
1786965614.088,479994,480000,480000,480000
1786965614.250,480000,480000,480000,480000
1786965614.411,480000,479993,479994,480000
1786965614.573,543079,815605,480012,480000
1786965614.735,480000,480000,480000,480000
1786965614.897,480005,480000,668955,630013
1786965615.059,480000,480000,480000,480000
1786965615.218,479994,480000,480000,480000
1786965615.383,480000,480000,480000,480006
1786965615.556,480000,480000,609597,1117295
1786965615.716,480000,480000,480000,480000
1786965615.877,480000,480000,480000,480000
1786965616.037,480000,480000,480000,480000
1786965616.197,480009,480000,1599979,1600000
1786965616.357,775779,753634,480000,480025
1786965616.519,480000,480000,480000,480000
1786965616.680,480000,480000,480005,480010
1786965616.845,480000,744515,480005,480000
1786965617.009,480000,480000,713899,916224
1786965617.170,480000,480000,480000,480000
1786965617.331,480000,480000,732199,997363
1786965617.493,480000,480000,480000,480000
1786965617.660,480000,480000,480000,480000
1786965617.827,480000,479994,480000,480000
1786965618.013,480005,480000,480000,480000
1786965618.196,480000,480000,480000,480000
1786965618.362,686405,851567,480000,480000
1786965618.526,480000,480000,480000,479993
1786965618.686,480000,555907,480000,480000
1786965618.848,480000,480000,480000,480000
1786965619.009,480000,480000,626548,480000
1786965619.173,480000,480000,1600000,1600000
1786965619.333,480000,480000,480000,480000
1786965619.498,480000,480000,480000,480000
1786965619.662,480000,480000,479993,480000
1786965619.831,480000,480000,480000,480000
1786965619.998,480000,480000,480000,480000
1786965620.164,480000,480000,480000,480000
1786965620.330,480000,480000,480000,479960
1786965620.493,480000,480000,480000,480000
1786965620.654,480000,480000,480000,480000
1786965620.821,480000,480000,685639,848179
1786965620.981,480000,480000,480000,480000
1786965621.142,480000,480000,480000,480000
1786965621.301,480000,480000,480000,480000
1786965621.462,480000,480000,480000,730623
1786965621.625,480000,480000,480000,480005
1786965621.788,480000,480000,651689,628174
1786965621.950,480005,480000,479993,479994
1786965622.114,596725,754618,480000,480000
1786965622.278,480000,480006,479993,480000
1786965622.442,480000,480000,480000,480000
1786965622.606,480000,480000,480000,480000
1786965622.765,940896,1101003,480000,480000
1786965622.928,480000,480000,480000,480000
1786965623.089,480000,480000,542852,1063677
1786965623.250,480000,480006,480000,480000
1786965623.419,480000,480000,480000,480000
1786965623.588,480000,480000,480000,479994
1786965623.751,479992,480000,480000,480016
1786965623.912,480000,480000,480000,480000
1786965624.075,480000,480000,480000,480000
1786965624.244,480000,480000,480000,480000
1786965624.410,480000,480000,480000,480000
1786965624.598,480000,480000,480000,480000
1786965624.770,480000,480000,480000,480006
1786965624.941,480000,480000,480000,480000
1786965625.103,480000,480000,480000,480000
1786965625.267,480000,480000,752560,865572
1786965625.427,480000,480000,479985,480000
1786965625.591,480000,480000,480000,480000
1786965625.752,480000,480000,480000,480000
1786965625.914,480000,480000,480000,480000
1786965626.083,480000,480000,480000,1431658
1786965626.252,480000,480000,480000,480000
1786965626.419,480000,480000,479993,480000
1786965626.599,479993,480000,480000,480000
1786965626.765,480005,480000,480000,480000
1786965626.928,480000,480000,480000,480000
1786965627.091,480000,480000,480000,480000
1786965627.254,479994,480000,480000,480000
1786965627.418,480000,480000,480000,480000
1786965627.588,480000,480000,480000,480000
1786965627.748,480000,480000,480000,480000
1786965627.910,479993,480000,480000,480000
1786965628.071,479993,480000,669576,856042
1786965628.234,480000,480000,480000,480000
1786965628.394,480000,480000,480000,480000
1786965628.559,480000,480000,480000,480000
1786965628.723,480000,935524,480000,480000
1786965628.887,480000,480000,480000,479994
1786965629.048,480000,480000,480000,480000
1786965629.209,479954,562626,480005,480000
1786965629.374,480000,480000,480000,480000
1786965629.537,480000,480000,480000,479993
1786965629.701,480000,480000,480000,480015
1786965629.863,480000,480000,480000,480000
1786965630.028,480000,480000,586339,940900
1786965630.189,480000,480000,870537,1351262
1786965630.353,480000,480000,480000,480006
1786965630.513,480000,480000,480000,480000
1786965630.679,480006,480000,480000,480000
1786965630.843,480000,479994,480000,480000
1786965631.013,480000,480000,480000,479993
1786965631.182,480000,480000,480000,480006
1786965631.357,480000,480000,594569,684161
1786965631.521,480000,480000,480000,480000
1786965631.682,480000,480000,480000,480000
1786965631.845,480000,480000,704582,480000
1786965632.008,480000,480000,493752,706190
1786965632.168,480019,480000,480000,480000
1786965632.331,480000,480000,480000,637903
1786965632.492,480000,480000,480000,480000
1786965632.661,480000,480000,480005,479993
1786965632.834,480000,479994,480000,480000
1786965633.001,480000,480000,480000,480000
1786965633.169,480000,480000,480000,480000
1786965633.334,480000,480000,771886,598041
1786965633.500,480000,480000,479993,480000
1786965633.664,480000,479993,480000,480000
1786965633.826,480005,479993,480000,480000
1786965633.991,480000,480000,480000,480000
1786965634.155,480000,480000,536828,480000
1786965634.314,480000,480006,1101598,841204
1786965634.478,480000,778580,480000,480000
1786965634.642,480000,480000,480000,480014
1786965634.803,480000,480000,480000,480000
1786965634.967,480000,480000,480000,480000
1786965635.128,480000,480000,480000,480000
1786965635.294,480000,480000,480000,479993
1786965635.459,732570,631996,480000,480000
1786965635.622,480000,480000,771735,860304
1786965635.786,480000,508414,480000,480000
1786965635.947,480000,480000,480000,1151339
1786965636.110,480000,681154,480000,480000
1786965636.273,480000,480000,480000,480000
1786965636.436,480006,480000,480000,480006
1786965636.605,480000,480000,479993,480000
1786965636.771,480000,480000,1049607,480000
1786965636.936,480000,480005,480000,755787
1786965637.100,480000,480000,479993,480006
1786965637.270,479994,480000,480000,480000
1786965637.461,480000,480000,480000,480006
1786965637.626,480000,480000,480000,480000
1786965637.790,479993,480000,480000,480000
1786965637.969,480000,617040,480000,480000
1786965638.134,661398,936826,480000,480000
1786965638.297,638741,610366,480000,480000
1786965638.458,480000,480000,480005,480000
1786965638.619,479993,480000,814599,537721
1786965638.781,480000,480000,480000,480000
1786965638.943,480000,480000,480000,480000
1786965639.102,480005,479994,480000,480000
1786965639.270,480000,480006,480000,480000
1786965639.451,480000,480000,480000,480000
1786965639.620,480000,480000,480000,480005
1786965639.790,480000,480000,480000,480000
1786965639.951,480000,480000,480000,480000
1786965640.115,479993,480000,480000,480000
1786965640.276,480000,480000,480000,480000
1786965640.440,480000,480000,480000,480000
1786965640.609,480000,480000,480000,480014
1786965640.770,480000,480000,709754,719178
1786965640.933,480000,480000,480000,480000
1786965641.095,480000,480000,480000,846057
1786965641.257,480000,480000,1060388,1406885
1786965641.421,480000,480000,479993,479990
1786965641.582,480000,480000,480000,480000
1786965641.742,480000,480000,480000,480000
1786965641.906,480000,480000,480000,480000
1786965642.070,480000,480000,480000,480000
1786965642.234,480000,480000,480000,480000
1786965642.395,480000,480000,480000,480000
1786965642.560,480000,480000,480000,480000
1786965642.722,480000,479993,480000,578609
1786965642.884,480000,480000,480000,480000
1786965643.045,480000,480000,480000,480000
1786965643.209,480000,480000,480000,480000
1786965643.374,480000,480000,480000,479993
1786965643.534,480000,480000,480000,480000
1786965643.705,480000,480000,479993,480000
1786965643.871,480000,480006,480000,480006
1786965644.038,480000,480000,480000,480000
1786965644.207,480000,480000,480000,480000
1786965644.372,480000,480000,480005,480005
1786965644.548,480000,677658,479994,480000
1786965644.713,480000,480000,480000,480000
1786965644.871,480000,480000,479996,480000
1786965645.033,480000,480000,843315,729074
1786965645.196,480000,480000,480000,480000
1786965645.358,480000,480000,480000,480000
1786965645.518,480000,480000,480000,480000
1786965645.682,480000,480000,480000,480000
1786965645.864,480000,480000,480000,480000
1786965646.045,480000,480000,480000,480000
1786965646.213,480000,480000,480000,480000
1786965646.378,480000,480000,479994,479989
1786965646.543,479994,480000,480005,480000
1786965646.706,480000,479993,480000,479993
1786965646.868,480005,480000,594839,1248495
1786965647.032,480000,480000,480000,480000
1786965647.198,480000,480000,480000,480000
1786965647.363,480000,480000,480000,850173
1786965647.526,480000,590919,480000,480000
1786965647.688,480000,848357,479994,480000
1786965647.852,480000,480005,480006,723744
1786965648.014,480000,852085,480000,480000
1786965648.177,480000,480000,1092322,480000
1786965648.341,480000,480000,480000,480000
1786965648.505,480000,480005,480005,480000
1786965648.668,480000,480000,580805,544866
1786965648.832,480000,480000,773476,730064
1786965648.994,480006,480000,697058,880037
1786965649.156,480000,480000,582622,480000
1786965649.319,480000,480000,480000,480000
1786965649.479,480000,480000,636211,774685
1786965649.641,480000,480000,480000,480000
1786965649.805,480000,480000,480000,480000
1786965649.968,480007,480000,480000,480000
1786965650.130,480000,480000,480000,480000
1786965650.297,480000,480000,480005,480000
1786965650.470,480000,480000,480000,480000
1786965650.640,480000,480000,480000,480000
1786965650.804,480000,480000,480000,480000
1786965650.968,480000,479993,480000,480000
1786965651.130,480000,480000,480000,480000
1786965651.293,480000,480000,797935,480000
1786965651.457,480000,480000,480000,480000
1786965651.616,480000,480000,861916,559436
1786965651.779,480000,480000,480000,480000
1786965651.943,480000,480000,1001661,1146488
1786965652.104,480000,480000,480000,480000
1786965652.273,480000,480000,480000,480000
1786965652.465,480000,480000,480000,480006
1786965652.631,480000,480000,480000,480000
1786965652.801,480000,480000,479993,479993
1786965652.969,480000,480000,480000,480000
1786965653.135,480000,480000,619105,832609
1786965653.303,492885,480000,480000,480000
1786965653.466,480000,480000,480000,526358
1786965653.626,480000,480000,480000,480000
1786965653.792,480000,479993,480000,723068
1786965653.954,480000,480005,480000,480000
1786965654.116,480000,480000,480000,480000
1786965654.274,480006,480000,480006,480000
1786965654.434,523060,708403,480000,480000
1786965654.600,586055,1209942,480000,480000
1786965654.762,480000,480000,480000,480000
1786965654.924,480000,480000,480000,479932
1786965655.090,479992,480000,480000,480000
1786965655.251,480000,480000,731162,860635
1786965655.414,480000,480000,480000,480000
1786965655.579,1190563,974217,480000,480000
1786965655.742,480000,479993,656090,804607
1786965655.905,480000,967362,480000,480000
1786965656.067,480000,480000,480000,480000
1786965656.228,480000,480000,480000,480000
1786965656.395,480000,480000,480000,480000
1786965656.559,480000,480000,480000,638015
1786965656.722,480000,480000,480000,480000
1786965656.886,1600000,587533,480000,480000
1786965657.043,480000,480005,480000,480000
1786965657.204,480000,479993,1600000,1599030
1786965657.364,480000,480000,480000,480000
1786965657.523,480000,480000,480000,479942
1786965657.686,480000,479994,480000,480000
1786965657.851,480000,480000,480000,480000
1786965658.014,480000,480000,480000,480006
1786965658.177,480000,480000,996278,1041821
1786965658.341,480000,859397,480000,480000
1786965658.505,480000,480000,480000,480000
1786965658.667,480000,480000,480000,480000
1786965658.829,480000,480000,480000,480000
1786965658.990,480000,480005,480000,480000
1786965659.156,480000,480005,546070,955439
1786965659.319,480000,480000,480000,480000
1786965659.479,480000,480000,480000,480000
1786965659.644,480000,480000,480026,480000
1786965659.806,480000,1067325,480000,480000
1786965659.969,480000,480000,480000,480000
1786965660.131,480000,480000,480000,1214971
1786965660.291,480000,480000,480000,480000
1786965660.456,480000,480000,480000,480000
1786965660.620,480000,531697,480000,480006
1786965660.782,480000,480000,569408,840815
1786965660.943,480000,480000,480000,480000
1786965661.105,584112,480000,480000,480000
1786965661.268,480000,480000,480000,480000
1786965661.427,479993,480000,480000,480000
1786965661.595,480000,480000,480000,480000
1786965661.759,480000,480000,480000,480000
1786965661.930,480000,480000,480000,480000
1786965662.091,480000,480000,480000,480000
1786965662.251,480006,480000,702179,480000
1786965662.413,480000,480000,480000,480000
1786965662.578,480000,480000,480000,480000
1786965662.739,480006,759372,480000,480016
1786965662.900,480000,480000,480000,480000
1786965663.060,480000,480000,480000,480005
1786965663.231,480000,480000,479994,480000
1786965663.414,480000,480000,480000,480000
1786965663.595,480005,480000,480000,480000
1786965663.761,480000,480005,480000,480005
1786965663.926,480000,480000,479994,480000
1786965664.089,480000,480000,480000,818894
1786965664.251,480000,480000,920739,995402
1786965664.414,480000,480000,480006,480000
1786965664.588,480000,873129,480000,480000
1786965664.750,480000,480000,480000,480000
1786965664.907,480000,480000,480000,910534
1786965665.068,480006,480000,480000,480000
1786965665.228,480000,480000,480000,480000
1786965665.387,480000,480000,480000,479994
1786965665.552,480000,480005,480000,480000
1786965665.713,480000,480000,480005,480000
1786965665.880,480000,480000,480000,480000
1786965666.044,480000,881452,479994,480000
1786965666.206,480000,480000,1600000,1600000
1786965666.365,480000,480000,480000,480000
1786965666.527,480000,640922,480000,480000
1786965666.686,480000,480000,480000,480000
1786965666.848,480000,1214924,480000,480000
1786965667.010,480006,480000,480000,480000
1786965667.173,480000,480000,480000,480000
1786965667.339,480000,480000,480000,480000
1786965667.503,480006,480000,480000,479993
1786965667.686,480005,480000,480000,480000
1786965667.855,480005,480000,480000,480000
1786965668.022,480006,480000,479994,480000
1786965668.187,480000,480000,480006,480000
1786965668.351,480000,480000,480000,480000
1786965668.517,480000,480000,480000,870809
1786965668.680,480000,480000,480000,480000
1786965668.842,480000,479993,480000,979937
1786965669.004,480000,994920,480000,480000
1786965669.166,480000,480000,819924,480000
1786965669.327,480000,480000,480005,480000
1786965669.488,480000,480000,1315105,480000
1786965669.651,479994,480000,480000,480000
1786965669.835,480006,480000,480000,480000
1786965670.019,480000,480006,479993,480000
1786965670.184,480000,480000,480000,480000
1786965670.354,480000,480000,480000,480000
1786965670.519,480000,479994,686475,587426
1786965670.683,480000,480000,480000,480000
1786965670.847,480000,480000,480000,480000
1786965671.012,480000,480006,479993,480000
1786965671.178,1188750,480000,480000,480000
1786965671.348,480000,480000,480000,480000
1786965671.509,480000,480000,480000,480000
1786965671.665,480000,480000,588991,941104
1786965671.828,480000,479993,480000,480000
1786965671.990,480000,480000,480000,480000
1786965672.154,480000,480000,480000,480000
1786965672.315,480000,480000,480000,480000
1786965672.480,480000,480000,480000,480000
1786965672.646,647758,480000,480000,480000
1786965672.808,480000,480000,1166983,941662
1786965672.970,480000,480000,480000,644941
1786965673.129,480000,480000,480000,480000
1786965673.291,599073,938535,480000,480000
1786965673.450,480000,480000,480000,480000
1786965673.612,480000,480006,480000,480000
1786965673.777,480000,480000,480000,480000
1786965673.948,480000,479993,480000,480000
1786965674.114,480000,480000,480000,480005
1786965674.281,480000,480000,480005,480000
1786965674.449,480000,480006,480007,480015
1786965674.619,480000,480000,480000,480000
1786965674.782,480000,480000,480000,480000
1786965674.945,480000,480000,480000,480000
1786965675.109,480000,480000,480000,480000
1786965675.277,480000,636304,480000,480000
1786965675.442,480005,480000,641577,950928
1786965675.607,480000,612874,480000,480000
1786965675.770,480000,480000,480000,744330
1786965675.935,673378,908285,479994,480000
1786965676.097,480000,480000,480000,480000
1786965676.256,480000,480006,480000,480000
1786965676.424,480000,480000,480000,480000
1786965676.599,480000,480005,612800,626697
1786965676.762,480000,480000,480000,768358
1786965676.925,664524,1129441,480000,480000
1786965677.087,480000,480000,480000,479994
1786965677.248,480000,480000,480000,480000
1786965677.411,479993,480000,480000,480000
1786965677.577,480000,480006,480000,480006
1786965677.742,480000,480000,480000,480000
1786965677.914,480000,480000,480000,480000
1786965678.072,480000,480000,480000,480000
1786965678.232,480000,480000,707997,1079939
1786965678.392,479994,479994,480000,480000
1786965678.572,480005,480000,479993,480000
1786965678.740,480000,479986,480000,480000
1786965678.908,480000,480000,480000,479993
1786965679.089,480000,480000,480000,480000
1786965679.257,480000,480000,811129,840600
1786965679.418,480000,480000,480000,480000
1786965679.581,480000,480000,480000,604389
1786965679.742,480000,650171,480000,480012
1786965679.905,480000,480000,480000,480006
1786965680.068,480000,480000,480000,480000
1786965680.229,480000,480000,480000,480000
1786965680.394,480000,479994,480000,480000
1786965680.565,480000,480006,480000,480000
1786965680.732,479993,479994,480000,480000
1786965680.902,479968,480000,480000,479994
1786965681.068,480000,480000,480000,480000
1786965681.230,480000,480000,480000,480000
1786965681.392,480000,480000,480000,480000
1786965681.555,480000,480000,480000,480000
1786965681.720,480000,480000,480000,480000
1786965681.887,480000,480000,480000,1174422
1786965682.050,480000,480000,480000,480000
1786965682.209,480000,480000,480000,480000
1786965682.373,480000,480000,480000,480000
1786965682.534,480000,480000,480006,480000
1786965682.697,480000,480000,480000,480000
1786965682.860,480000,480000,480000,480000
1786965683.024,480000,480000,480000,480000
1786965683.191,480000,480000,479994,480000
1786965683.351,480000,478632,480000,480000
1786965683.512,480000,480000,602185,480000
1786965683.675,736000,633816,479993,480000
1786965683.838,480000,480000,480000,480000
1786965683.998,480000,480000,480000,547435
1786965684.162,480000,480000,509269,1028870
1786965684.327,480005,480000,479994,480000
1786965684.491,480000,480000,911811,480000
1786965684.655,480000,480000,480000,480000
1786965684.816,480000,480000,480000,774790
1786965684.983,480000,480000,480000,480000
1786965685.150,480000,480000,479985,480000
1786965685.319,480005,480000,480000,480000
1786965685.483,480000,480000,480000,480000
1786965685.661,480000,480000,480000,480000
1786965685.831,480000,480000,700757,558547
1786965685.994,480000,480000,480000,480000
1786965686.156,480000,480000,480000,480014
1786965686.319,480000,480000,479984,480000
1786965686.479,970443,1122205,480000,480000
1786965686.640,480000,480000,672320,594723
1786965686.803,479994,480004,480005,480000
1786965686.967,480000,480000,480000,480000
1786965687.137,480000,480000,480000,480006
1786965687.304,480000,480000,480000,480000
1786965687.473,480000,480000,480000,480000
1786965687.640,480000,480000,480000,480006
1786965687.803,480000,480000,480000,480000
1786965687.967,480000,480000,480000,480000
1786965688.129,480000,480000,480000,480000
1786965688.295,480005,480000,480000,480000
1786965688.460,645960,480000,479993,480000
1786965688.624,480000,480000,1458341,904852
1786965688.788,480000,480000,743897,1444039
1786965688.951,480000,480000,480000,480000
1786965689.103,480000,480000,480000,514547
1786965689.265,480000,480000,479994,480014
1786965689.427,480000,480000,480000,480000
1786965689.599,480000,480000,480000,480000
1786965689.764,480005,480000,480000,480000
1786965689.925,480000,480000,480000,480000
1786965690.084,480000,480000,480000,923186
1786965690.245,480000,480000,480000,480000
1786965690.408,480000,480005,590262,1016362
1786965690.575,480000,479994,627046,1143472
1786965690.736,480000,480000,480000,480006
1786965690.903,480000,480000,480000,479994
1786965691.068,480000,479993,480000,480000
1786965691.230,480000,480000,884187,1010054
1786965691.393,479994,480005,480000,480006
1786965691.577,480000,480000,480000,480000
1786965691.744,480000,480000,480000,480000
1786965691.912,480000,480000,480000,480000
1786965692.081,480000,480000,480000,479994
1786965692.261,480000,480000,604528,480000
1786965692.419,480000,679550,479990,480000
1786965692.587,480000,480000,480000,480000
1786965692.746,480000,883125,480000,480000
1786965692.911,479986,479993,480005,480000
1786965693.072,480000,480000,480000,480000
1786965693.233,480000,480000,480000,480000
1786965693.395,480000,480000,480000,480006
1786965693.570,480000,480000,480000,480000
1786965693.751,480000,480000,480000,479994
1786965693.919,480000,480005,480000,480000
1786965694.093,480000,480000,480000,480000
1786965694.259,479994,480000,480000,480000
1786965694.423,479989,479993,480000,480000
1786965694.585,480006,480000,1271050,480000
1786965694.747,480000,480000,479994,480005
1786965694.914,480000,479993,480000,480000
1786965695.075,480000,480006,480000,1039096
1786965695.238,479946,480000,480000,479994
1786965695.400,480000,479993,480000,480000
1786965695.563,480000,479993,479996,480000
1786965695.724,480000,480000,480000,480000
1786965695.886,480000,480000,706582,924893
1786965696.050,480000,480000,480000,480000
1786965696.212,480000,480000,480000,480000
1786965696.372,480000,480000,480000,480000
1786965696.535,480000,480000,480000,480000
1786965696.698,479994,480000,480000,705413
1786965696.858,480000,480000,480005,480005
1786965697.018,480000,480000,480000,629078
1786965697.180,625651,480000,480000,480000
1786965697.340,480000,479994,480000,480000
1786965697.506,480000,480000,480000,480000
1786965697.671,480000,480000,480000,480000
1786965697.831,480000,480000,480000,480000
1786965697.994,480000,480000,480000,480000
1786965698.161,480000,480006,480000,480000
1786965698.328,479993,480000,480000,479994
1786965698.495,480000,480000,480000,480000
1786965698.660,479993,480000,480000,480000
1786965698.827,480000,480000,480006,480000
1786965698.991,480000,480000,594157,577781
1786965699.154,480000,480000,480000,480000
1786965699.316,480000,480000,636290,796702
1786965699.471,480000,479994,480000,480000
1786965699.632,480000,480000,480000,721173
1786965699.794,480000,480000,480000,723075
1786965699.954,480000,480005,480000,480000
1786965700.118,479994,480000,480000,480000
1786965700.281,480000,502797,480000,480000
1786965700.443,480000,642290,480000,480000
1786965700.607,480000,480000,480000,480000
1786965700.769,480000,480000,480000,480000
1786965700.932,480000,480000,480000,480005
1786965701.091,480000,480000,480000,936966
1786965701.254,772263,565251,480000,480000
1786965701.418,480000,480000,480000,480000
1786965701.598,1600000,1600000,480000,479994
1786965701.758,480000,480000,480000,480000
1786965701.917,480000,480005,1014477,911641
1786965702.078,480026,695563,480000,480000
1786965702.240,480000,480000,480000,480000
1786965702.406,479993,480000,480000,480000
1786965702.591,480005,479994,480000,480000
1786965702.781,480000,480000,480000,480000
1786965702.968,480000,480000,480000,480000
1786965703.130,480000,480000,480000,480000
1786965703.294,480000,480006,730365,480000
1786965703.458,694254,480000,480005,480000
1786965703.622,480000,480000,480000,480000
1786965703.784,480000,480000,480000,480000
1786965703.945,480000,480000,479975,479994
1786965704.108,480000,480005,480000,480000
1786965704.276,480000,480000,480000,479967
1786965704.438,480000,480006,480005,480000
1786965704.615,480000,480000,480000,479993
1786965704.783,480000,480000,479994,480000
1786965704.951,480000,480000,479994,480000
1786965705.118,480000,480000,480000,480000
1786965705.281,480010,480000,479993,480000
1786965705.450,480000,480000,480006,480000
1786965705.619,480000,480006,718881,480000
1786965705.781,480000,480000,480000,480000
1786965705.944,480000,480000,480000,911327
1786965706.108,479993,480000,480000,480000
1786965706.270,480000,480000,480000,744976
1786965706.431,480000,480000,480000,480000
1786965706.594,480000,480000,480000,480000
1786965706.757,480000,480000,480000,480000
1786965706.926,480000,480000,480000,480000
1786965707.088,480000,480000,480000,480000
1786965707.250,480000,480000,479989,480006
1786965707.410,480000,480000,480000,479994
1786965707.573,480000,480000,480000,480000
1786965707.732,480000,480000,480000,480000
1786965707.891,480000,480000,480000,480000
1786965708.051,480000,480000,480000,480006
1786965708.213,480000,480000,480000,480000
1786965708.379,480005,480000,480000,480000
1786965708.541,480000,480000,480000,479993
1786965708.704,480000,480000,480000,479994
1786965708.865,480005,480000,480000,480000
1786965709.032,480000,480000,480000,480000
1786965709.200,479994,480000,480000,480000
1786965709.369,480000,480000,480000,480000
1786965709.563,480000,536427,480000,480005
1786965709.727,480000,480000,480000,555462
1786965709.887,480000,480000,480000,479993
1786965710.049,480000,480000,480000,766113
1786965710.210,480000,480000,480000,480000
1786965710.369,480000,480000,479984,480006
1786965710.532,480000,480000,513871,540193
1786965710.695,480000,480000,480000,480000
1786965710.854,480000,480000,480000,480000
1786965711.022,577251,1533806,480000,480000
1786965711.176,480000,480000,480000,1268900
1786965711.338,480000,479993,657001,480000
1786965711.500,480000,480000,480000,480000
1786965711.660,480000,480000,480000,480000
1786965711.823,480000,480000,608939,853124
1786965711.984,480000,480000,480000,480000
1786965712.144,480000,480000,480000,480000
1786965712.309,480000,480000,480000,480000
1786965712.471,480000,480000,480000,480000
1786965712.631,480000,1182351,480000,480000
1786965712.792,480000,480000,480000,480000
1786965712.952,480000,1233933,480000,479994
1786965713.115,480000,480000,480000,480000
1786965713.278,480000,480005,479994,480006
1786965713.459,480000,480000,480000,480000
1786965713.654,480000,480005,480000,480000
1786965713.819,480000,480000,480000,480000
1786965713.983,480000,480000,480000,480000
1786965714.145,480000,480000,480000,480000
1786965714.308,480000,480000,480000,480000
1786965714.471,480000,480000,589434,1575788
1786965714.623,480000,480000,480000,480000
1786965714.780,480000,480000,480000,480000
1786965714.946,480000,480000,480000,480000
1786965715.108,480000,480000,579259,480000
1786965715.270,480000,480000,737987,777727
1786965715.439,480000,480000,480000,480000
1786965715.609,480000,480000,480006,480000
1786965715.775,480000,480000,479994,480000
1786965715.942,480000,480000,480000,480000
1786965716.106,480000,480000,480005,479994
1786965716.278,480000,480000,784276,1199127
1786965716.443,480000,480000,480000,480000
1786965716.609,480000,480000,479993,565918
1786965716.771,480000,662829,480000,480000
1786965716.934,480000,480000,480000,480000
1786965717.095,1312005,746421,480000,480000
1786965717.256,480000,479994,480000,693067
1786965717.419,480000,479993,480000,480008
1786965717.589,480000,480000,480000,480006
1786965717.754,480000,1064216,480000,480000
1786965717.916,480006,480000,480006,480000
1786965718.076,480000,480000,480006,480000
1786965718.237,480000,480000,672874,1171866
1786965718.400,480006,480000,480000,480000
1786965718.564,480000,480000,480000,480000
1786965718.723,480000,479993,480000,480000
1786965718.888,480000,480000,605561,742088
1786965719.051,480000,594729,480000,480000
1786965719.215,480000,480000,711337,849540
1786965719.376,480000,480000,480000,480000
1786965719.537,480000,480000,480000,480000
1786965719.701,480000,480000,480000,480000
1786965719.867,480000,480000,480000,480000
1786965720.034,480000,479994,480000,480000
1786965720.234,480000,480000,480006,480000
1786965720.417,480000,480000,480000,480000
1786965720.586,480000,480000,480000,480000
1786965720.750,480000,480000,480000,480000
1786965720.907,543853,480000,480000,480000
1786965721.070,479994,480000,480000,480000
1786965721.234,480000,1054204,480000,480000
1786965721.396,480000,480000,480005,480000
1786965721.568,479992,480000,480000,480000
1786965721.740,479994,480000,480000,480000
1786965721.904,480000,480000,480000,479993
1786965722.070,480000,480000,480000,480000
1786965722.237,480000,480000,480000,480006
1786965722.403,480000,480005,480000,480000
1786965722.578,480000,480006,480000,480006
1786965722.741,480000,480000,480000,480000
1786965722.907,480000,480000,480000,480000
1786965723.072,480000,1042177,480000,480005
1786965723.236,480000,480000,480000,480000
1786965723.395,480000,480000,480005,480000
1786965723.556,480000,480000,480000,480000
1786965723.720,480000,480000,480000,480000
1786965723.881,480000,480000,480000,1033092
1786965724.042,480000,480000,480000,480000
1786965724.207,480011,480000,480000,480000
1786965724.371,480000,479994,625434,480000
1786965724.532,885740,1152738,480000,480000
1786965724.689,480000,480000,480000,480000
1786965724.851,480000,480000,480000,480006
1786965725.014,480000,480000,480000,480000
1786965725.177,480006,480000,479993,565002
1786965725.339,480000,479904,480000,480000
1786965725.506,479994,480000,480000,480000
1786965725.671,480000,480005,480000,480000
1786965725.833,948947,1478706,480000,480000
1786965725.993,480000,480000,480000,480000
1786965726.157,480000,480000,480000,480000
1786965726.325,479994,480000,480000,480006
1786965726.493,479993,480000,480000,480000
1786965726.659,480000,480000,479994,480000
1786965726.834,480000,479994,480000,480000
1786965727.008,480000,480000,480005,480000
1786965727.172,479994,480000,480000,666707
1786965727.335,480000,480000,480006,480000
1786965727.495,480000,480000,480000,480000
1786965727.658,480000,480005,744479,1157401
1786965727.821,480000,479991,480000,480000
1786965727.981,480000,480000,850988,1187023
1786965728.144,480000,479991,480015,480000
1786965728.308,480000,480000,480000,480000
1786965728.473,480000,480006,480000,480000
1786965728.658,480000,480000,480000,480000
1786965728.833,480000,479994,480000,480005
1786965729.001,479993,480000,480000,480000
1786965729.166,480000,480000,480000,480000
1786965729.332,480000,480000,566944,991949
1786965729.496,480000,480000,480000,480000
1786965729.663,480000,480000,480000,592927
1786965729.826,479993,480000,480006,480000
1786965729.987,480000,480000,480000,480038
1786965730.151,480000,480000,1600019,480000
1786965730.312,609595,532254,480000,480000
1786965730.471,480000,480000,480000,480000
1786965730.633,480000,480000,480000,480000
1786965730.796,480000,480000,480000,480006
1786965730.961,480005,480000,514483,1010366
1786965731.127,479994,480000,480000,480000
1786965731.289,537114,480000,480000,480000
1786965731.452,480000,480000,480000,479993
1786965731.611,480000,480000,480000,657293
1786965731.772,480000,479994,480000,480000
1786965731.937,480000,480000,480000,480000
1786965732.099,480000,480000,480006,480000
1786965732.266,480000,480000,480000,480000
1786965732.427,480000,480005,480000,480000
1786965732.590,479994,480000,975341,928614
1786965732.753,480000,480000,480000,480013
1786965732.914,480000,480000,559232,829581
1786965733.075,480000,480000,480000,480000
1786965733.234,480000,480000,480000,480000
1786965733.397,480000,479994,480000,480000
1786965733.567,480000,480000,480000,480006
1786965733.731,480000,480000,906855,1025561
1786965733.891,511086,480000,480000,480000
1786965734.055,480000,480000,480000,480000
1786965734.217,480000,480000,480000,480000
1786965734.379,480000,480028,480000,480000
1786965734.542,479976,480000,480000,480000
1786965734.705,480000,480000,530246,1118196
1786965734.870,480000,480005,480000,480000
1786965735.048,480000,480000,479994,480000
1786965735.214,480000,480000,480005,480000
1786965735.381,480006,479994,480000,480000
1786965735.556,480000,480000,480000,479994
1786965735.722,480000,480000,480000,480000
1786965735.886,480000,480000,480000,480000
1786965736.048,480005,480000,480000,691200
1786965736.212,480000,480000,480000,480000
1786965736.379,480000,480000,480000,480006
1786965736.543,480000,480000,480000,480000
1786965736.707,480000,480000,480000,480005
1786965736.869,480000,644405,480000,480000
1786965737.032,480006,479994,480000,480000
1786965737.198,480000,480000,480000,480000
1786965737.364,480005,480000,480000,480000
1786965737.555,480000,479994,480000,480000
1786965737.753,480000,480000,479994,480000
1786965737.917,480000,480000,480000,480000
1786965738.080,480000,480000,480000,480000
1786965738.243,480000,480000,480000,480000
1786965738.404,480000,480000,480000,480000
1786965738.569,480000,479994,480000,479985
1786965738.732,480000,838054,480000,480000
1786965738.894,480000,480000,480000,480000
1786965739.063,480000,480005,480020,479994
1786965739.226,480000,480000,480005,480000
1786965739.389,479985,480000,480000,480000
1786965739.554,480000,1007362,480000,480000
1786965739.716,480000,480000,698835,961055
1786965739.878,480000,1353563,480000,480000
1786965740.041,480000,480000,480000,480000
1786965740.202,480000,480000,480000,480000
1786965740.367,480000,480000,480000,480000
1786965740.530,480000,783303,480000,480000
1786965740.691,480000,480000,480000,480000
1786965740.850,1600020,1600000,480000,480000
1786965741.012,480000,480000,480000,697867
1786965741.173,480000,479993,480000,488828
1786965741.333,480000,480000,480000,479993
1786965741.495,480000,480000,480000,480000
1786965741.673,479994,480000,480000,480006
1786965741.862,480000,480000,480000,480000
1786965742.027,480000,480000,480000,480000
1786965742.190,480000,480006,480000,480000
1786965742.355,480000,480000,480000,841896
1786965742.514,480000,480000,1600000,1599979
1786965742.673,1030322,489671,480000,480006
1786965742.836,480000,480006,480000,480016
1786965742.999,480005,480000,480000,480000
1786965743.168,480005,508354,965198,874693
1786965743.333,480000,480000,761364,1131114
1786965743.495,480000,668568,480000,480013
1786965743.660,480000,480000,480000,480000
1786965743.829,480000,480000,480000,480000
1786965743.996,480000,480000,480000,480000
1786965744.162,480000,479994,480000,480000
1786965744.329,480000,480000,480000,480000
1786965744.502,546058,839640,480000,480000
1786965744.667,480000,480000,725779,480000
1786965744.828,480000,907734,480000,480000
1786965744.993,480000,480000,480000,480000
1786965745.156,812704,1371172,480000,480000
1786965745.320,480000,480000,480000,480000
1786965745.485,480000,480000,480000,480000
1786965745.650,480000,480000,480000,480000
1786965745.812,480000,480000,480000,480000
1786965745.977,480000,613891,480000,480000
1786965746.140,1600233,1600019,480005,480000
1786965746.300,480000,480000,480000,480000
1786965746.462,480000,480000,480000,480000
1786965746.626,480000,480000,480000,1011998
1786965746.787,480000,751417,480000,480000
1786965746.951,480000,480000,480000,480000
1786965747.114,480000,480000,480000,480000
1786965747.278,480000,480000,480000,480000
1786965747.440,480000,480000,480000,480013
1786965747.602,480000,576405,480000,480000
1786965747.766,480000,480000,480000,480000
1786965747.927,480000,480000,480000,480000
1786965748.094,480000,480000,480000,480000
1786965748.266,480000,480000,480000,480000
1786965748.458,480000,480000,479993,480000
1786965748.652,480000,480000,480000,480000
1786965748.815,480000,480000,480000,480000
1786965748.980,480006,480000,480000,480000
1786965749.143,480000,480000,480000,753230
1786965749.307,480000,480000,480000,480000
1786965749.468,480000,480000,480000,762838
1786965749.631,480000,480000,480000,480000
1786965749.795,480000,480000,480000,480000
1786965749.961,480000,480000,480000,480000
1786965750.122,480000,480000,480000,480000
1786965750.284,480000,480000,480000,1371350
1786965750.451,480000,1105983,480000,480000
1786965750.612,480000,480000,480000,480000
1786965750.774,480000,480000,480000,480005
1786965750.935,480000,480000,480000,480000
1786965751.098,480000,480000,480000,480000
1786965751.266,480000,479994,480000,480006
1786965751.431,480000,651688,480000,480000
1786965751.597,480000,480000,479994,480000
1786965751.761,480000,480000,480000,480000
1786965751.924,480000,480000,480000,479994
1786965752.084,480000,480000,622747,1203495
1786965752.247,480000,480000,480000,479993
1786965752.419,480005,480000,480000,480006
1786965752.632,480000,480000,480000,480000
1786965752.798,480000,480000,479994,480000
1786965752.965,480000,480000,480000,480000
1786965753.128,480000,480000,480000,480000
1786965753.294,480000,480000,479982,480000
1786965753.454,480000,480000,685642,480021
1786965753.614,480000,480000,651389,596410
1786965753.777,480005,480000,480000,480000
1786965753.941,480000,1180965,480000,479992
1786965754.103,480000,480000,682161,480000
1786965754.263,532237,637948,480000,480000
1786965754.424,480000,480000,480000,479947
1786965754.588,480006,480000,480000,480000
1786965754.755,480000,480000,480000,480000
1786965754.922,480000,480000,480000,479993
1786965755.088,480000,480005,480000,480000
1786965755.253,480006,480000,480000,480000
1786965755.417,480000,480000,480000,479994
1786965755.580,480000,480006,593416,1286161
1786965755.740,1227931,640266,480000,480000
1786965755.903,480000,480000,480000,608520
1786965756.066,480000,480000,480000,480000
1786965756.229,480000,565750,480000,480000
1786965756.390,480007,480000,480000,480000
1786965756.563,480000,480000,480000,480000
1786965756.727,480000,480000,673731,1441056
1786965756.880,480000,480000,722515,738341
1786965757.044,480000,480000,480000,480000
1786965757.207,480000,480000,480000,480006
1786965757.370,480000,480000,480000,480000
1786965757.534,480000,480000,480000,867859
1786965757.695,480000,480000,480000,480000
1786965757.861,480009,480000,480000,480000
1786965758.023,480000,480000,480000,480000
1786965758.184,480000,480000,480000,480000
1786965758.345,480000,480006,730463,480000
1786965758.508,480000,480000,480000,479994
1786965758.668,480000,480000,480000,558297
1786965758.832,480000,479994,480000,480000
1786965759.000,480005,480000,480000,480000
1786965759.184,480000,480000,480005,480000
1786965759.371,480000,480000,480000,480000
1786965759.551,480000,480000,480000,480000
1786965759.712,480000,480000,480000,480000
1786965759.875,1100305,1128102,480000,480000
1786965760.037,480000,480000,626526,681651
1786965760.200,480000,480000,480000,480000
1786965760.361,480000,634530,479745,480000
1786965760.523,479993,480000,480000,480000
1786965760.689,480000,480005,480006,480006
1786965760.853,480000,480000,480000,480000
1786965761.014,480000,480006,779286,750229
1786965761.176,480000,806361,480000,480000
1786965761.337,480000,480000,629168,823400
1786965761.498,549711,479933,480000,480000
1786965761.657,480000,480000,480000,480000
1786965761.818,480000,479993,480006,480000
1786965761.983,480000,480000,480000,480000
1786965762.147,480000,480000,480000,480000
1786965762.302,480000,480000,480000,647911
1786965762.465,553643,480000,480000,480000
1786965762.627,480000,480000,843791,1282251
1786965762.789,480000,805800,480000,480006
1786965762.953,480000,480000,480000,480000
1786965763.115,480000,480000,480000,480000
1786965763.285,480000,480000,480000,480000
1786965763.464,480000,480000,480000,480000
1786965763.631,479994,480005,480000,480000
1786965763.797,479993,480000,480005,480000
1786965763.961,480000,480000,480006,480000
1786965764.124,479994,479991,479994,480000
1786965764.284,480000,480000,1078969,623622
1786965764.446,480000,480000,480000,480000
1786965764.613,480000,480000,480000,479961
1786965764.777,480000,664778,480006,480000
1786965764.939,480000,480000,480000,480000
1786965765.100,480000,480000,480000,480000
1786965765.261,480000,480005,862835,479994
1786965765.424,480000,480000,479993,479993
1786965765.598,480000,480000,480000,480000
1786965765.769,480000,480000,480000,480000
1786965765.959,480000,480000,480000,480000
1786965766.133,480000,480000,480000,480000
1786965766.297,480000,480000,480000,480000
1786965766.463,480000,877300,480000,480000
1786965766.629,480000,480000,480000,479993
1786965766.790,479994,480000,480000,480000
1786965766.949,480000,480000,785125,480000
1786965767.112,480000,480000,537281,1096781
1786965767.270,480000,480000,479993,480000
1786965767.437,480000,480000,480000,480000
1786965767.603,480000,480000,480000,479993
1786965767.766,480000,480000,480000,480000
1786965767.927,756471,1035316,480000,480000
1786965768.090,480000,480000,480000,659177
1786965768.253,480000,480000,614206,670684
1786965768.418,480000,480000,480000,480000
1786965768.582,480000,479990,480000,480000
1786965768.750,480000,479965,480000,480000
1786965768.913,479994,480000,595990,527073
1786965769.075,480000,480000,480000,480000
1786965769.235,480000,480000,480000,547289
1786965769.398,480000,479987,480000,480000
1786965769.563,480000,480005,906247,825583
1786965769.726,480000,480000,480000,480000
1786965769.898,480000,480006,480000,480000
1786965770.083,480000,480000,480000,480000
1786965770.252,480000,480000,480006,480000
1786965770.421,480006,480000,480000,480006
1786965770.588,480000,480000,480000,480000
1786965770.753,594194,900086,480000,480000
1786965770.913,480000,480000,573710,480000
1786965771.075,480005,480000,480000,480005
1786965771.235,480000,480000,480000,479993
1786965771.401,480000,480006,480000,480000
1786965771.567,480000,480006,480000,480000
1786965771.732,610339,595110,480000,480000
1786965771.895,480000,480000,480000,479983
1786965772.054,479993,480000,480000,480000
1786965772.216,480000,480000,480000,480000
1786965772.380,480000,480000,480000,480000
1786965772.543,480000,480000,480000,480000
1786965772.708,480000,479993,760964,968290
1786965772.871,480000,827972,480000,480000
1786965773.031,480000,480000,480000,736681
1786965773.195,480000,480000,480000,479994
1786965773.357,480000,1218224,480000,480000
1786965773.520,480000,480000,671451,480000
1786965773.683,480006,480000,480000,480000
1786965773.843,480000,480000,480000,480000
1786965774.009,480000,480000,480000,480000
1786965774.173,479994,480000,480000,480000
1786965774.341,479993,480000,480000,480000
1786965774.515,479994,480000,480000,480000
1786965774.683,480000,480006,480000,480000
1786965774.846,480000,480000,480000,480000
1786965775.011,480000,480000,480000,480000
1786965775.172,480000,480000,480000,480000
1786965775.337,480000,480000,480000,480000
1786965775.501,480000,480000,480000,480000
1786965775.664,480000,480000,480000,742199
1786965775.828,480000,1121538,480000,480000
1786965775.994,480000,480000,480000,480000
1786965776.157,639613,480000,480000,480000
1786965776.320,479994,480000,480000,480000
1786965776.488,480000,480000,480000,480000
1786965776.669,480000,480000,479994,480000
1786965776.845,480000,480000,480000,480000
1786965777.007,480000,480000,480000,480006
1786965777.173,480000,480000,480000,480000
1786965777.332,480000,722696,480000,480000
1786965777.494,480000,479994,480000,480000
1786965777.658,480000,480000,480000,480000
1786965777.821,480000,480000,480000,480000
1786965777.988,480000,480000,480000,480000
1786965778.152,480000,480000,480000,479993
1786965778.310,480000,480000,480000,480000
1786965778.471,480000,480000,644647,843673
1786965778.634,480000,480000,800031,631453
1786965778.796,480000,480000,480000,480000
1786965778.957,480000,480000,480000,1357703
1786965779.120,480000,479993,480000,480000
1786965779.288,479944,1071067,480000,480000
1786965779.450,480000,480000,480000,480000
1786965779.614,480000,480000,480000,480000
1786965779.777,480000,480000,480000,514298
1786965779.939,683871,599883,480000,480000
1786965780.102,480000,479979,480000,480005
1786965780.265,480000,480000,480000,480000
1786965780.427,480000,480000,479994,480000
1786965780.596,480000,480000,480000,480000
1786965780.770,480000,480000,480000,480000
1786965780.939,480000,480000,480000,479993
1786965781.106,480000,480000,480000,480000
1786965781.273,480000,479993,480000,480000
1786965781.440,480000,480000,480000,480000
1786965781.605,480000,1158455,480000,480000
1786965781.768,479987,480000,480000,480000
1786965781.932,480000,480000,480000,480000
1786965782.096,480000,480000,480000,480000
1786965782.255,480000,480000,480000,480000
1786965782.418,479989,480000,480000,479994
1786965782.585,480000,615358,480006,480000
1786965782.750,480000,744522,480000,480000
1786965782.908,480000,480000,628302,698695
1786965783.070,480000,480000,480000,480000
1786965783.234,480000,480000,480006,480000
1786965783.399,479977,480000,480000,480000
1786965783.562,480000,480000,480000,480000
1786965783.723,480000,480000,941039,968960
1786965783.887,480000,480000,712527,1071334
1786965784.050,480000,480000,480000,480000
1786965784.211,646728,1197008,480011,480006
1786965784.370,480000,480000,480006,480000
1786965784.537,480000,480000,480006,480000
1786965784.701,480000,480000,480000,480000
1786965784.864,480000,480000,480000,715095
1786965785.025,480000,480006,479993,480000
1786965785.193,480000,480000,480006,480000
1786965785.362,480000,480000,480000,480000
1786965785.532,480000,480000,479993,480000
1786965785.696,480000,480005,480000,480000
1786965785.867,480000,480000,480000,480000
1786965786.035,479985,480000,480000,480000
1786965786.198,480005,480000,480000,480000
1786965786.362,480000,480000,480000,480000
1786965786.526,480000,480000,480000,480000
1786965786.687,480000,479994,480000,480000
1786965786.850,480000,480000,480000,480000
1786965787.012,480000,480000,480000,480000
1786965787.185,480006,480000,480000,479993
1786965787.371,480000,480000,480000,479993
1786965787.547,480000,480000,480000,480000
1786965787.716,479994,480000,480000,480000
1786965787.880,480000,480000,480000,480000
1786965788.044,480000,480000,480000,480000
1786965788.206,480000,480000,480000,480000
1786965788.368,480000,480000,480000,480000
1786965788.534,480000,480000,480000,480000
1786965788.702,480000,480000,677395,922990
1786965788.865,480000,480000,480000,480000
1786965789.027,480000,480000,480000,1319973
1786965789.188,480000,757207,480000,480005
1786965789.351,480000,479993,480000,480000
1786965789.510,480000,479994,480000,480000
1786965789.674,480000,480000,480000,480000
1786965789.837,480000,480000,480000,480000
1786965790.003,480000,871253,480000,480000
1786965790.165,480000,480000,588858,917273
1786965790.326,480000,480000,480000,480000
1786965790.488,480000,480000,744213,480000
1786965790.652,480000,480000,480000,1109718
1786965790.814,480000,480000,480000,480000
1786965790.971,480000,480000,480000,480000
1786965791.139,480000,479987,480000,480000
1786965791.304,479993,480000,480000,693321
1786965791.465,480000,480000,480000,480000
1786965791.636,480000,480000,480000,480000
1786965791.806,480000,480000,480000,479993
1786965791.972,480000,480000,480000,480000
1786965792.137,480000,480000,480000,480000
1786965792.300,480000,479993,479993,480000
1786965792.471,480000,480000,480000,480006
1786965792.636,480006,480000,480000,480000
1786965792.798,480000,480000,480000,480000
1786965792.962,480000,480000,594675,1151663
1786965793.126,480000,480000,480000,1120861
1786965793.287,480000,480000,480000,480000
1786965793.448,480000,480000,480000,480000
1786965793.611,480000,480006,480000,480000
1786965793.776,480000,480000,480000,480000
1786965793.943,480000,480000,480000,480000
1786965794.100,479993,832972,480000,480000
1786965794.264,480000,480000,681319,480000
1786965794.430,479994,480000,480000,480000
1786965794.593,480000,480005,480000,828088
1786965794.754,480000,480000,479993,480016
1786965794.915,479993,480000,480000,480000
1786965795.081,480000,480000,480000,480000
1786965795.244,480000,1009637,480000,480000
1786965795.405,480000,480000,479993,480009
1786965795.569,480000,480000,1107677,735220
1786965795.731,479994,825964,480000,480000
1786965795.895,480000,480000,480000,480000
1786965796.061,480000,480005,480000,480000
1786965796.229,480000,480000,480000,480000
1786965796.423,480000,480000,480000,480000
1786965796.617,480000,480000,480000,480006
1786965796.781,615679,711711,480000,480000
1786965796.944,480000,480000,870524,480000
1786965797.107,480000,480000,479993,480000
1786965797.266,610782,802757,480000,480000
1786965797.429,480000,480000,480000,480000
1786965797.591,480000,480000,480000,480000
1786965797.754,480000,479993,480000,480006
1786965797.920,480000,1185345,480000,480000
1786965798.081,480000,480000,559821,659868
1786965798.242,480000,479983,480000,480000
1786965798.404,480000,480000,480000,480000
1786965798.568,480000,480000,480000,768844
1786965798.732,599237,840000,480000,480000
1786965798.895,480000,480000,480000,480000
1786965799.056,480000,480000,480000,1406693
1786965799.230,480000,480000,480000,480000
1786965799.391,480000,479994,480000,480000
1786965799.556,480000,480000,480000,480000
1786965799.718,480000,480000,480000,480000
1786965799.880,480000,480000,480000,480000
1786965800.040,480000,480005,480000,480000
1786965800.206,480000,480000,480000,479994
1786965800.395,479993,480000,480000,480006
1786965800.609,480000,480000,480000,480000
1786965800.785,480000,480000,480000,480000
1786965800.949,480000,480000,480000,480000
1786965801.113,753931,1152143,480000,480000
1786965801.272,480000,480000,480000,480000
1786965801.434,480000,480000,639124,480000
1786965801.598,480000,480000,592823,1091029
1786965801.759,480000,480000,480000,480000
1786965801.929,480000,480000,480006,480000
1786965802.092,480000,480000,754883,480000
1786965802.254,537566,600913,480000,480000
1786965802.416,480000,480000,480000,480000
1786965802.595,479993,480000,480000,480000
1786965802.761,479993,480000,480000,480000
1786965802.932,480000,480000,480006,480000
1786965803.097,480000,480000,480000,480000
1786965803.269,796786,905245,480000,479993
1786965803.433,480000,480000,665226,480000
1786965803.597,480005,480000,480000,480000
1786965803.755,480000,480000,480000,480000
1786965803.917,480000,480000,480000,480000
1786965804.075,480000,480000,480000,480000
1786965804.238,480000,480000,480000,731536
1786965804.401,480000,480000,480000,480000
1786965804.579,479993,480000,626088,1087834
1786965804.741,480000,480000,645202,868296
1786965804.902,480000,494789,480000,480000
1786965805.065,480000,480000,694107,953851
1786965805.226,480000,858961,480000,480000
1786965805.390,480000,480000,480000,480000
1786965805.553,480000,479993,480000,1514167
1786965805.716,480000,480000,480000,480000
1786965805.880,480000,480000,921445,1458615
1786965806.040,480000,480000,480000,720501
1786965806.202,480000,480000,480000,480000
1786965806.365,480000,480000,893988,990949
1786965806.526,480000,480000,479994,480000
1786965806.687,480000,480000,480000,480000
1786965806.857,479991,480000,480000,480000
1786965807.029,480000,480000,480000,480000
1786965807.215,480000,480000,480000,480000
1786965807.404,480000,480006,480000,480000
1786965807.571,480000,480000,480000,480000
1786965807.735,480000,480000,480000,480000
1786965807.895,480000,480000,480000,973555
1786965808.057,480000,480000,480000,480000
1786965808.218,480000,480000,681238,480000
1786965808.381,480000,480000,480000,480000
1786965808.548,480000,480000,480000,480000
1786965808.711,480000,480000,480000,480000
1786965808.871,480000,480000,480000,480000
1786965809.035,480000,479994,480000,480000
1786965809.193,770820,480000,480000,480000
1786965809.357,480005,480000,480000,480000
1786965809.518,480000,480007,480000,479994
1786965809.679,480000,480000,479937,480000
1786965809.846,480000,480000,480000,480000
1786965810.009,480000,480000,480000,480000
1786965810.170,480000,480000,480000,480000
1786965810.332,480000,480000,480000,480000
1786965810.492,480006,480000,480000,1110342
1786965810.652,480000,480000,479994,480000
1786965810.812,480000,480000,480000,480000
1786965810.975,479994,480000,480000,480000
1786965811.148,480000,480000,480000,480000
1786965811.338,480000,480000,480000,479993
1786965811.506,480000,480005,480000,480000
1786965811.674,480000,480000,480000,480000
1786965811.836,480000,480000,480000,480000
1786965811.997,480000,480000,622188,1113612
1786965812.160,479994,480000,480000,480000
1786965812.322,480000,480000,480000,480000
1786965812.487,480000,480000,480000,480000
1786965812.656,480000,480005,480000,1125621
1786965812.817,480000,480000,480000,480000
1786965812.980,480000,480000,480000,480000
1786965813.142,480000,480000,480000,480005
1786965813.304,480006,480006,480000,480000
1786965813.471,480000,480000,480000,480000
1786965813.639,480000,480006,480000,480000
1786965813.824,479994,479993,480005,480000
1786965813.998,480000,480000,480000,480000
1786965814.162,480000,480006,480000,480000
1786965814.321,480000,480000,480000,480000
1786965814.483,480000,479994,597197,800469
1786965814.646,480000,480000,480000,805115
1786965814.810,480000,480000,480000,512772
1786965814.971,480000,480000,480000,480000
1786965815.131,480000,480000,480000,480000
1786965815.300,480000,480000,480000,480000
1786965815.461,480000,479993,480000,480000
1786965815.620,480000,480000,480000,480000
1786965815.785,480000,480000,479993,479994
1786965815.945,480000,480000,480006,480000
1786965816.107,480005,480000,480000,480000
1786965816.266,480000,590819,480000,480000
1786965816.432,480000,480000,480000,480000
1786965816.607,480000,480000,480000,480005
1786965816.771,480000,777913,480000,480000
1786965816.932,480000,480000,480000,480000
1786965817.093,480006,480000,480000,480000
1786965817.256,480000,480000,480000,541603
1786965817.418,480000,480000,480000,480000
1786965817.581,480000,480000,480005,480000
1786965817.748,480000,479994,480000,480000
1786965817.937,480000,480000,480000,480000
1786965818.107,480000,479994,480000,480000
1786965818.271,480000,480000,480000,480010
1786965818.436,629368,846295,480000,480000
1786965818.603,480000,480000,480000,480000
1786965818.765,618685,620705,480000,480000
1786965818.929,480000,480000,598654,1160787
1786965819.089,480000,480000,480000,480000
1786965819.254,480000,480000,480000,480000
1786965819.407,479984,480000,480000,480000
1786965819.576,480000,480000,480000,916822
1786965819.737,480000,480000,480000,480000
1786965819.901,479994,480000,599439,973102
1786965820.063,480006,480000,480000,480000
1786965820.221,480000,480000,480000,480000
1786965820.383,480000,480000,480000,480000
1786965820.552,480000,480000,601405,834407
1786965820.717,480000,480000,480017,480000
1786965820.879,480000,480000,480000,480000
1786965821.042,480000,480000,480000,480000
1786965821.203,480000,480000,480000,480020
1786965821.367,479993,480000,480000,480000
1786965821.530,480000,480000,678759,1076839
1786965821.693,480000,480000,480000,480000
1786965821.856,480000,480000,849762,480000
1786965822.019,480000,480000,480000,480000
1786965822.188,480000,480000,480000,479994
1786965822.358,480000,480000,480000,480000
1786965822.522,480000,480000,480000,480000
1786965822.685,480000,480000,480000,480005
1786965822.849,480000,480000,480000,480000
1786965823.010,480000,480000,480000,480000
1786965823.175,480000,480000,480000,480234
1786965823.338,480000,480000,480000,480000
1786965823.500,718226,480000,480000,480000
1786965823.663,480000,480000,480000,615419
1786965823.827,480000,480000,480000,686987
1786965823.990,479993,480000,480000,480000
1786965824.152,480000,480000,642224,845041
1786965824.314,480000,480000,480000,480000
1786965824.481,480000,480000,480000,480000
1786965824.645,480000,480000,480000,480000
1786965824.806,805155,679044,480000,480005
1786965824.969,874106,480000,480000,480000
1786965825.133,480000,480005,650249,857175
1786965825.297,480000,757797,480000,480006
1786965825.459,480000,725767,480000,480000
1786965825.622,480000,479994,480000,480000
1786965825.787,480000,746273,480000,480000
1786965825.948,480000,480000,1161450,1143639
1786965826.111,612892,1119929,480000,480000
1786965826.276,480000,479994,480000,480000
1786965826.448,480000,480000,480000,480000
1786965826.619,480000,480006,480000,480000
1786965826.788,480000,480000,480000,480000
1786965826.955,480000,480000,480000,480000
1786965827.128,480000,480000,480000,480000
1786965827.293,480000,480000,480000,480000
1786965827.455,480000,480000,480000,480000
1786965827.616,480000,480000,480000,480000
1786965827.778,480000,480000,480000,480000
1786965827.942,480000,480000,552538,905740
1786965828.105,480000,480000,480000,480000
1786965828.268,480000,480000,480000,480000
1786965828.433,480005,480000,480000,480000
1786965828.629,480000,480000,480000,480000
1786965828.796,480006,480005,480000,480000
1786965828.963,480000,480000,480000,480000
1786965829.131,480000,480000,480000,480000
1786965829.293,544818,659736,480015,480006
1786965829.458,479991,480000,480000,480000
1786965829.622,479993,480000,480000,480000
1786965829.788,480000,480000,480000,480000
1786965829.952,480000,480005,480000,480000
1786965830.112,480000,480000,480000,480000
1786965830.275,480000,480000,480000,480000
1786965830.437,720710,840415,480000,480000
1786965830.601,480000,480000,480000,480000
1786965830.764,593872,535917,480000,480000
1786965830.925,480000,480000,480000,480000
1786965831.092,480000,480000,480000,480000
1786965831.256,479993,480000,480000,479967
1786965831.418,479981,480000,480000,480000
1786965831.583,480000,480000,480000,480000
1786965831.747,480000,480000,480000,480000
1786965831.909,480006,480000,722172,480000
1786965832.072,480000,480000,480000,480000
1786965832.232,480000,479993,480000,479936
1786965832.398,479994,479994,480000,480000
1786965832.563,480000,480000,597573,636115
1786965832.725,480000,480000,480000,480016
1786965832.888,479994,480006,480000,480000
1786965833.057,479994,480000,480005,480000
1786965833.224,480000,480000,480000,480000
1786965833.387,480000,480000,480000,480000
1786965833.557,480000,480000,480000,480000
1786965833.729,479993,480000,480000,480000
1786965833.894,480000,480000,480000,480005
1786965834.054,480000,480000,480000,805881
1786965834.214,480000,1028116,662191,480000
1786965834.377,480000,480000,479994,480000
1786965834.535,480000,776836,480000,480014
1786965834.697,480000,480000,480000,480000
1786965834.855,480000,480000,480000,480000
1786965835.022,480000,480000,480000,480000
1786965835.184,480000,480000,480000,480000
1786965835.346,480000,480000,598335,480000
1786965835.508,480000,480000,480000,480000
1786965835.667,480000,1091964,480000,480000
1786965835.830,480000,480000,480000,480000
1786965835.993,480000,480000,480000,480000
1786965836.153,480000,480000,480000,480000
1786965836.318,480000,480000,479994,480012
1786965836.480,480000,480000,480000,480000
1786965836.642,480000,480000,560534,873343
1786965836.804,480000,480000,480000,1371635
1786965836.966,480000,732411,480000,480000
1786965837.127,480000,480000,479993,480000
1786965837.294,480000,480005,480000,480000
1786965837.468,480000,480000,479993,479994
1786965837.661,480000,480000,479994,480000
1786965837.848,480000,480000,480000,480000
1786965838.012,480000,480000,479993,480000
1786965838.175,480000,480000,480000,1393490
1786965838.335,480000,480000,480000,480000
1786965838.498,480000,479994,480000,1080958
1786965838.660,480006,480000,480000,744314
1786965838.823,480000,480000,480006,480000
1786965838.988,480000,479993,480000,480026
1786965839.156,480000,480000,480000,480000
1786965839.318,480000,480000,480000,756661
1786965839.480,480000,480000,480000,480000
1786965839.641,480000,480000,480000,838332
1786965839.803,480000,480000,480000,480000
1786965839.963,480000,817373,480000,480000
1786965840.125,480000,480000,480000,1493905
1786965840.290,480000,480000,480000,480000
1786965840.457,480000,480000,480000,480000
1786965840.620,480000,480000,539821,480000
1786965840.783,480000,480000,480000,480000
1786965840.944,480000,480000,480000,480033
1786965841.104,1150938,964614,480000,480000
1786965841.269,994975,480000,480000,480000
1786965841.430,480006,480000,480000,480000
1786965841.609,480000,480000,480000,480000
1786965841.790,480000,480000,480000,480000
1786965841.958,480000,480000,480000,480006
1786965842.122,479993,480000,480000,479994
1786965842.286,479991,479993,480000,480000
1786965842.451,480000,480000,480000,480000
1786965842.613,480006,480000,480000,480000
1786965842.772,608871,1369404,480000,480000
1786965842.936,480000,480000,480000,480000
1786965843.104,480000,480000,480000,480000
1786965843.267,479994,480000,736055,895728
1786965843.430,480000,480000,480000,479994
1786965843.595,579113,1392855,480000,480000
1786965843.758,480000,480000,479960,480000
1786965843.918,480000,480000,480000,480000
1786965844.082,480000,480000,480000,480000
1786965844.246,480000,480000,480000,480000
1786965844.413,480000,480000,480000,480000
1786965844.578,480000,480000,480000,480000
1786965844.738,480000,480000,480000,479994
1786965844.900,479994,480000,1179639,480000
1786965845.061,480000,480000,480000,480000
1786965845.221,480000,724407,480000,480000
1786965845.384,480000,480000,480000,480000
1786965845.548,480000,480000,480000,480000
1786965845.716,586099,640728,480000,480000
1786965845.878,480000,480000,480000,480000
1786965846.045,480000,480000,480000,480000
1786965846.213,480000,480000,480000,479993
1786965846.381,480000,480000,480000,480000
1786965846.564,480000,480000,480000,480000
1786965846.729,480000,480000,480000,479993
1786965846.894,480005,480000,480000,480000
1786965847.060,480000,653991,480000,480000
1786965847.224,480000,479993,479995,608578
1786965847.385,480005,480000,480000,480000
1786965847.539,480000,480000,480000,480000
1786965847.699,480000,480000,480000,480000
1786965847.860,1600020,1600882,480000,480006
1786965848.020,480000,480000,480000,479993
1786965848.205,480000,480006,480000,480000
1786965848.396,480000,480000,480000,480000
1786965848.579,480000,479987,480000,480000
1786965848.744,480000,480000,480000,480000
1786965848.910,479993,480000,480000,956993
1786965849.074,555525,479988,480000,480000
1786965849.236,480000,480000,792135,874340
1786965849.400,480000,480000,480000,480006
1786965849.565,480000,480000,480000,480000
1786965849.731,480000,480000,480000,519342
1786965849.891,480000,479993,556080,630963
1786965850.050,480000,480000,480000,480000
1786965850.209,480000,480000,480000,480000
1786965850.365,480000,480000,480005,480000
1786965850.525,480000,480000,480000,480000
1786965850.687,640018,786057,480000,480000
1786965850.851,480000,480000,480000,480000
1786965851.014,480000,480000,480000,480000
1786965851.178,480000,480000,480000,480000
1786965851.337,542476,480000,480006,480000
1786965851.497,480000,898475,480000,480006
1786965851.660,480000,480000,480000,480000
1786965851.825,480076,531034,480000,480000
1786965851.987,480000,479993,480000,479989
1786965852.150,480000,480000,480000,480000
1786965852.317,480000,480000,1052284,915663
1786965852.481,480000,480000,480000,480000
1786965852.649,480000,480000,480000,480000
1786965852.816,480000,480000,480000,480000
1786965852.978,480006,480000,479993,480000
1786965853.142,480000,480000,480000,480000
1786965853.306,480000,480000,480000,480000
1786965853.468,480000,480000,480006,480000
1786965853.632,637572,675629,480000,480000
1786965853.795,480000,479994,480000,480000
1786965853.956,480000,480000,480000,480000
1786965854.119,480000,480000,480005,480000
1786965854.281,480000,480000,480000,480000
1786965854.441,480000,480000,480000,480000
1786965854.603,480000,480000,480000,480000
1786965854.766,480000,480000,479993,480000
1786965854.933,480000,480000,480000,480000
1786965855.099,480000,480000,479994,654079
1786965855.258,479994,480000,480000,480000
1786965855.421,479993,480000,480000,480000
1786965855.586,479991,480000,480000,480005
1786965855.749,480000,480000,480000,710507
1786965855.913,480000,480000,744470,480000
1786965856.076,480000,480000,480000,480000
1786965856.241,480000,480000,480000,480000
1786965856.409,480000,480000,480006,480000
1786965856.572,480000,480000,480000,480000
1786965856.735,480000,480000,480000,480000
1786965856.904,480000,480000,480000,480000
1786965857.071,480000,480000,480000,480005
1786965857.239,480000,480000,480000,480000
1786965857.406,480000,479994,480000,480000
1786965857.598,480000,480006,480000,480005
1786965857.764,480000,480000,633648,1072398
1786965857.927,480000,480000,480000,480000
1786965858.089,480000,480000,480000,480000
1786965858.250,480000,480006,480000,573421
1786965858.411,480000,480000,480000,480000
1786965858.573,1072707,1342003,480000,480000
1786965858.735,479994,480000,480000,480000
1786965858.904,480000,480000,480000,479993
1786965859.098,480000,480006,480000,480005
1786965859.266,480000,480000,480000,479994
1786965859.434,480000,480000,479993,480000
1786965859.611,557587,480000,480000,480000
1786965859.776,480000,480000,480000,480000
1786965859.936,480000,480000,480000,480000
1786965860.099,480000,480000,480000,480000
1786965860.265,639631,875720,480000,479993
1786965860.432,630988,659933,480000,480000
1786965860.595,480000,480000,480000,480000
1786965860.759,679440,480000,480000,480000
1786965860.924,480000,480000,480000,480000
1786965861.083,480000,480006,480000,480000
1786965861.244,480000,480000,480000,480000
1786965861.406,480000,480000,480005,480000
1786965861.571,480000,480000,479994,480000
1786965861.734,919562,1557552,480000,480000
1786965861.896,480000,480000,480000,480051
1786965862.058,480005,480000,480000,1099503
1786965862.221,794532,479993,480000,480000
1786965862.385,480000,479994,480000,480000
1786965862.549,480000,480000,480000,480000
1786965862.711,480000,480000,479993,480000
1786965862.877,480000,480000,480000,480000
1786965863.041,480005,480000,480000,480000
1786965863.204,480000,479922,610019,480000
1786965863.371,480000,480000,480000,480000
1786965863.541,480000,480000,480006,480000
1786965863.709,479993,480000,479994,480000
1786965863.875,480000,480000,480005,480000
1786965864.039,480000,480000,480000,480000
1786965864.212,480000,480000,480000,480000
1786965864.374,479994,480000,480000,480000
1786965864.535,480000,480000,480000,479993
1786965864.692,480000,610259,479993,480000
1786965864.847,480000,480005,480000,601292
1786965865.009,480000,622884,480000,480000
1786965865.172,480000,480000,480000,480000
1786965865.331,480011,480000,480000,480000
1786965865.496,480000,480000,480000,480000
1786965865.663,480005,480000,480000,808221
1786965865.825,480000,480000,480000,793633
1786965865.990,480000,480000,480000,480000
1786965866.155,696127,1188286,480005,480000
1786965866.318,480000,480000,656160,723243
1786965866.482,480000,479952,480000,480000
1786965866.643,480000,480000,480000,480000
1786965866.810,480006,480000,480000,479994
1786965866.972,480000,480000,480000,728149
1786965867.136,674054,480000,479993,480000
1786965867.300,480000,480000,480000,480000
1786965867.462,479993,480000,480000,480000
1786965867.623,480000,480000,480000,480000
1786965867.789,480000,480000,480000,480000
1786965867.961,480000,480000,480000,480000
1786965868.158,480000,480000,480000,480000
1786965868.347,480000,480000,480000,480000
1786965868.510,480000,480000,480000,480000
1786965868.672,480000,480000,480000,635060
1786965868.831,530115,571959,480019,480000
1786965868.994,480000,480000,549607,480000
1786965869.155,480000,480000,480000,763179
1786965869.318,480000,480000,480000,480000
1786965869.482,480000,480000,480000,480000
1786965869.649,480000,480000,480000,480000
1786965869.811,480000,480000,680721,881955
1786965869.977,480000,480000,480000,480000
1786965870.140,480000,480000,480000,480000
1786965870.299,480000,480000,480000,618994
1786965870.461,480000,480000,480000,480000
1786965870.620,480000,480000,480000,480000
1786965870.784,479994,480000,480005,480000
1786965870.953,480000,480000,536577,851916
1786965871.115,564841,610034,480000,480017
1786965871.279,480000,480000,480000,480009
1786965871.444,480000,480000,480000,480000
1786965871.608,480000,480000,480000,480000
1786965871.769,480000,480000,480000,480000
1786965871.929,480000,480000,480000,480000
1786965872.107,480000,480011,480000,480000
1786965872.286,480000,480000,480000,480000
1786965872.462,480000,480000,479994,479994
1786965872.628,480000,480000,480000,480000
1786965872.791,480000,480000,479994,480000
1786965872.954,593837,1524042,480000,480000
1786965873.117,480000,480006,480000,479993
1786965873.278,480000,480000,479994,480000
1786965873.442,480000,480000,480000,480011
1786965873.610,480000,480000,480000,480000
1786965873.775,480000,480000,480000,480000
1786965873.934,480000,480000,480000,480000
1786965874.095,480000,480000,480000,480000
1786965874.260,480000,816522,480000,480000
1786965874.422,480000,480000,480000,480005
1786965874.583,480000,480000,480005,480000
1786965874.746,480000,480000,480000,480000
1786965874.912,480000,480006,480000,480000
1786965875.077,480000,480000,911752,556982
1786965875.240,480000,480000,480000,480000
1786965875.401,480006,480000,480000,480000
1786965875.565,907836,1116859,480000,480000
1786965875.725,480000,480000,480000,480000
1786965875.887,480000,480000,480000,479993
1786965876.049,480000,480000,480000,480000
1786965876.214,480000,480000,480000,480000
1786965876.375,480000,480000,480000,480000
1786965876.545,480000,480000,480000,480000
1786965876.714,480000,480000,480000,480000
1786965876.887,480000,480000,480000,480000
1786965877.048,479994,480000,480000,480000
1786965877.214,480000,606701,480000,480000
1786965877.378,480000,480000,480000,480006
1786965877.550,480000,480000,480000,480000
1786965877.712,626863,917250,480000,480000
1786965877.874,480000,480000,480000,756701
1786965878.038,479994,480000,480000,871250
1786965878.200,480000,480000,480000,480000
1786965878.361,480000,484899,480000,480005
1786965878.523,480000,480000,639942,652147
1786965878.687,480000,480000,480000,480000
1786965878.851,479963,480000,480000,480000
1786965879.014,708310,480000,480000,480016
1786965879.176,480000,663063,480000,480000
1786965879.338,522255,858784,480000,480000
1786965879.503,480000,480000,480000,480000
1786965879.665,479989,480000,480000,480000
1786965879.824,480000,479965,480000,480005
1786965879.985,480000,480000,480000,480000
1786965880.151,480000,480000,480000,480000
1786965880.313,480000,480000,480000,480000
1786965880.477,480000,480000,1142662,863661
1786965880.641,480000,480000,480000,480000
1786965880.806,480000,479994,480000,480000
1786965880.973,479993,480000,480000,480006
1786965881.195,480000,480000,480000,480000
1786965881.367,480000,479994,480000,480000
1786965881.540,480000,480005,480000,480000
1786965881.702,480000,480000,480000,480000
1786965881.862,480000,480000,599547,1103095
1786965882.026,480000,480000,480006,480000
1786965882.187,480000,480000,480000,480005
1786965882.348,480000,480000,480000,480015
1786965882.508,480006,480000,480000,480000
1786965882.670,480000,480000,480000,480000
1786965882.838,480000,480000,480000,480000
1786965883.007,480000,480000,480000,480000
1786965883.177,480000,480000,480000,480000
1786965883.345,480000,480000,480000,480005
1786965883.512,480000,480000,480000,479993
1786965883.677,480000,480000,480000,480000
1786965883.841,654594,879595,480000,480000
1786965884.004,480000,480000,480000,480000
1786965884.168,480000,480000,480000,480000
1786965884.332,480000,480000,480000,480000
1786965884.493,480000,534813,480000,480000
1786965884.656,480000,514554,480000,480000
1786965884.818,480006,480000,480000,849804
1786965884.981,480000,717735,480000,480000
1786965885.146,480000,480000,945188,1232925
1786965885.309,480000,480000,480000,480000
1786965885.474,480000,480000,532818,1113898
1786965885.637,480000,480000,480000,1108579
1786965885.800,479994,480016,480000,480000
1786965885.958,480000,480000,741885,480000
1786965886.116,480000,523889,479994,480000
1786965886.279,480000,480000,669024,480000
1786965886.441,480000,480000,480000,1239040
1786965886.605,480000,479993,480000,480000
1786965886.769,480000,480000,480000,745729
1786965886.931,480000,696563,480000,480000
1786965887.094,480000,480005,480000,480000
1786965887.257,480000,480000,479994,479994
1786965887.424,480000,479994,480005,480000
1786965887.614,480000,479993,480006,480000
1786965887.783,480000,480000,480000,480000
1786965887.946,480000,479994,480006,479993
1786965888.116,480000,480000,479993,480000
1786965888.278,480000,480000,480000,480000
1786965888.440,480000,480000,480000,480000
1786965888.601,480000,480000,480000,480000
1786965888.763,480000,480000,480000,479975
1786965888.927,480000,480000,638440,662847
1786965889.089,480000,480000,480000,480000
1786965889.249,480000,480000,480000,480000
1786965889.418,480000,480000,479994,480000
1786965889.584,480000,480000,480000,533608
1786965889.746,704624,480000,480000,480000
1786965889.909,480000,480000,480000,480000
1786965890.069,480000,480000,480000,479994
1786965890.232,480000,585287,667946,480000
1786965890.395,480000,480000,480000,480000
1786965890.562,480000,480000,480000,480000
1786965890.728,480000,480005,480000,480000
1786965890.890,480000,480000,479994,480000
1786965891.050,480000,480006,480000,572563
1786965891.210,480000,877814,480000,479994
1786965891.373,480000,480000,480000,479994
1786965891.531,480000,480000,480000,480000
1786965891.695,480000,480000,480000,479993
1786965891.863,480006,480000,480000,480000
1786965892.056,480000,480000,480000,480000
1786965892.234,480000,480000,749440,480000
1786965892.399,479993,480000,480000,480000
1786965892.565,480000,652756,480000,480000
1786965892.724,480000,479993,480000,480000
1786965892.885,479978,480000,480005,480000
1786965893.048,480000,480005,479993,480000
1786965893.206,480000,480000,480000,479994
1786965893.371,480000,480000,480000,480005
1786965893.541,480000,480000,480000,1305193
1786965893.702,480000,603195,479994,480000
1786965893.867,480000,480000,480000,798970
1786965894.027,480000,480000,480000,480000
1786965894.186,480000,480000,480000,480000
1786965894.350,480000,480000,480000,617753
1786965894.514,480000,1012668,480000,480000
1786965894.680,479993,480000,480000,480000
1786965894.844,480000,480000,480000,480000
1786965895.005,480000,480000,480000,480000
1786965895.165,480000,480000,480000,480006
1786965895.325,480000,480000,480000,843652
1786965895.486,633510,851436,480000,480000
1786965895.650,480000,480000,480000,480000
1786965895.814,480000,480000,480000,480000
1786965895.979,480000,480000,480000,480000
1786965896.161,479994,480000,480000,480000
1786965896.334,480000,480000,480000,480000
1786965896.498,479941,480000,480000,480006
1786965896.662,480000,480000,480000,636420
1786965896.827,480000,480000,480000,480000
1786965896.989,480000,479955,480000,480000
1786965897.148,479994,480000,480000,650447
1786965897.308,480000,479993,947076,480000
1786965897.478,480000,480000,480000,480000
1786965897.642,480000,480000,480000,480000
1786965897.805,480000,480000,480000,807233
1786965897.968,555119,480000,480000,480000
1786965898.132,480000,480000,480000,480000
1786965898.297,480000,479994,480000,480000
1786965898.465,480000,480000,480000,480000
1786965898.637,480005,480000,479993,479993
1786965898.812,480000,480000,480000,479994
1786965898.976,480013,480000,480000,1165971
1786965899.138,480000,480000,480000,480000
1786965899.298,1600000,1600000,480000,480000
1786965899.462,480000,480000,480000,877562
1786965899.625,480000,480000,479993,480000
1786965899.787,480000,480000,480000,479994
1786965899.948,480000,480000,480000,480000
1786965900.115,480000,480000,480006,480000
1786965900.279,479994,480000,480000,479993
1786965900.440,480000,480000,919407,480000
1786965900.604,480000,559925,480000,480000
1786965900.767,480000,480000,480000,480000
1786965900.930,480000,480000,480000,480000
1786965901.092,480000,480000,480000,638598
1786965901.254,480000,480000,480000,480000
1786965901.419,480000,480000,480000,480000
1786965901.586,480000,480000,480000,480000
1786965901.747,480000,480000,480000,1337354
1786965901.906,480005,480000,480000,480000
1786965902.067,480000,480000,480000,480005
1786965902.229,480000,480000,480000,480000
1786965902.391,480000,480000,480000,480000
1786965902.555,480000,480000,480000,480000
1786965902.721,480000,480000,480000,480000
1786965902.882,480000,480000,480000,480000
1786965903.047,479993,480000,480000,480000
1786965903.206,480000,480000,480000,480000
1786965903.363,480000,480000,480000,480030
1786965903.526,480000,480000,601837,480000
1786965903.688,480000,480000,480000,480000
1786965903.850,480000,480000,480000,480000
1786965904.017,480000,480000,480000,480000
1786965904.179,480000,480000,480000,480000
1786965904.340,480000,480000,480000,480000
1786965904.503,480000,480000,756879,875568
1786965904.667,480000,480000,480000,480000
1786965904.834,480000,480000,480000,479993
1786965905.003,480000,480000,480000,480000
1786965905.174,479992,480000,480000,480005
1786965905.352,480000,480000,480000,480006
1786965905.515,647653,789932,480000,480005
1786965905.676,480000,808483,480000,480000
1786965905.838,479993,480000,480000,480000
1786965906.000,480000,480000,480000,480000
1786965906.163,480005,480000,480000,480000
1786965906.325,480000,480000,541272,615225
1786965906.487,480006,480000,480000,480000
1786965906.655,479994,480000,725107,849241
1786965906.819,480000,480000,480000,479994
1786965906.986,480000,480000,480000,480000
1786965907.157,480000,480000,480000,480000
1786965907.325,480000,480000,480000,480000
1786965907.490,480000,480000,480000,480000
1786965907.654,480000,479994,480000,480000
1786965907.817,480000,480000,480000,480000
1786965907.981,480000,480000,480000,480000
1786965908.143,480000,480000,480024,480000
1786965908.303,480000,480000,480000,480000
1786965908.464,640000,943404,480000,480000
1786965908.626,480000,480006,480006,607706
1786965908.788,480000,480000,480000,479994
