1786976525.505,479994,480000,480000,480000
1786976525.691,480000,480000,516978,480000
1786976525.853,480000,480011,480000,480000
1786976526.015,480000,480000,480000,479993
1786976526.214,480000,480000,480000,479993
1786976526.420,480000,480000,480000,480000
1786976526.631,479994,480000,480000,480000
1786976526.841,480000,480000,480000,480005
1786976527.069,480000,480000,480006,480005
1786976527.304,480000,480000,480000,479993
1786976527.535,479993,480000,480000,480000
1786976527.763,480000,479993,480000,480000
1786976528.098,480000,480000,480000,479993
1786976528.365,480000,480005,480000,480000
1786976528.617,480000,480000,480000,480000
1786976528.845,480006,480000,479993,480006
1786976529.076,480006,479994,479994,480000
1786976529.314,480000,479993,480000,480000
1786976529.556,480000,480000,480006,480000
1786976529.806,480000,479994,480000,480000
1786976530.079,480000,480000,480000,480000
1786976530.329,480005,480005,480000,480000
1786976530.561,480000,480000,479994,480000
1786976530.818,480000,480000,480000,480000
1786976531.077,480006,480000,480006,479993
1786976531.308,480000,480000,480000,480000
1786976531.543,480000,480000,480005,480000
1786976531.782,480005,480006,479993,480000
1786976532.035,480000,480000,480000,480000
1786976532.300,479994,480000,480000,480000
1786976532.566,480000,480000,480000,480000
1786976532.814,480000,480000,480000,480000
1786976533.115,480000,479994,480000,480000
1786976533.384,480000,480000,480000,480000
1786976533.607,480000,480000,479993,480000
1786976533.880,480000,480000,480000,480000
1786976534.115,480000,479994,480000,480000
1786976534.353,479994,480006,479993,480000
1786976534.587,480000,480000,479993,480000
1786976534.867,480000,480005,479993,480000
1786976535.108,480000,480000,479994,480005
1786976535.350,480000,480006,480000,480000
1786976535.659,480000,479994,479994,480000
1786976535.911,480000,480000,479994,480000
1786976536.161,480000,480000,480000,480000
1786976536.396,480000,480000,480000,480006
1786976536.628,480000,480000,480000,480000
1786976536.869,480000,480006,480000,480000
1786976537.120,480000,480006,480000,480005
1786976537.366,480000,480005,480000,480000
1786976537.606,479993,480000,480000,480006
1786976537.833,480006,480000,480000,480000
1786976538.089,480000,480000,480000,480000
1786976538.342,480000,480000,480000,480000
1786976538.558,480000,480000,479993,480000
1786976538.804,480000,480000,480005,480000
1786976539.076,480000,480000,480000,480000
1786976539.301,479993,480006,480000,479993
1786976539.531,480000,480000,480000,480000
1786976539.761,480000,480000,480000,480000
1786976540.038,480000,479994,480000,480000
1786976540.290,480000,480000,480000,480000
1786976540.517,480000,480006,480000,480000
1786976540.744,480000,480000,479994,479994
1786976540.982,480000,480006,480000,479994
1786976541.213,480006,480000,480000,480006
1786976541.472,480000,480000,480000,480000
1786976541.725,480000,480000,480005,480000
1786976541.955,480000,480006,480000,480000
1786976542.182,480000,480000,479994,480000
1786976542.414,480000,480000,480006,480000
1786976542.648,480000,479994,479994,480000
1786976542.888,480000,480000,480000,480000
1786976543.135,480005,479993,480000,479993
1786976543.360,480006,480011,480006,480000
1786976543.592,480000,480000,480000,479993
1786976543.819,480000,479993,480000,480000
1786976544.040,480000,480000,480000,480000
1786976544.272,480006,480000,480000,480000
1786976544.511,479994,480000,480000,480000
1786976544.759,480005,479993,480000,480000
1786976545.016,480000,480005,480000,480000
1786976545.258,480000,480000,480000,480000
1786976545.491,480000,480000,480000,480000
1786976545.722,479993,480000,480011,480005
1786976545.984,480000,480005,480000,480005
1786976546.236,480000,480000,480000,480006
1786976546.478,480000,480000,480000,480000
1786976546.707,480000,480000,480000,480000
1786976546.932,480000,480006,480000,480000
1786976547.163,480000,480000,480000,480006
1786976547.400,480000,480000,479994,480006
1786976547.637,479994,480000,480000,480000
1786976547.870,480000,480000,479993,480000
1786976548.104,480000,480000,480000,480000
1786976548.331,480000,480006,480000,479993
1786976548.559,480000,480000,480012,480000
1786976548.790,480000,480000,480000,480000
1786976549.097,480006,480006,480000,480000
1786976549.361,480000,480000,480000,479993
1786976549.600,480000,480005,480000,480000
1786976549.862,480000,480006,480000,480005
1786976550.087,480000,479994,480000,480000
1786976550.322,480000,480000,480000,480000
1786976550.557,480000,480000,480000,480006
1786976550.826,480000,479988,480005,480000
1786976551.075,480000,480000,480000,480000
1786976551.306,480000,480000,480000,480000
1786976551.533,479993,480000,479994,480000
1786976551.762,480000,479993,479993,480000
1786976552.018,480006,480000,480000,480000
1786976552.269,479993,480000,480000,480000
1786976552.513,480006,480000,480000,480005
1786976552.743,480005,480000,480000,479993
1786976552.981,480000,480000,480000,479993
1786976553.210,480006,480000,480000,480005
1786976553.462,479994,480011,480000,480000
1786976553.727,480000,480000,480000,480000
1786976553.956,480000,480000,479993,480000
1786976554.158,479993,480000,480006,480006
1786976554.391,480000,480000,480000,480000
1786976554.618,480000,480000,480000,480000
1786976554.877,480006,480000,480000,480000
1786976555.112,480000,480000,480005,480000
1786976555.357,480000,480000,480000,480000
1786976555.591,480000,480000,480000,480000
1786976555.822,480000,480000,480000,480000
1786976556.060,480006,480000,479994,480000
1786976556.293,480005,480000,480000,480000
1786976556.537,480000,480005,479994,480005
1786976556.779,480000,480000,480000,480000
1786976557.036,480005,480000,479994,480000
1786976557.271,480000,480000,480000,480000
1786976557.501,479994,479993,479994,480000
1786976557.729,480000,480000,480005,480006
1786976557.969,480000,480005,480000,479993
1786976558.229,480000,480000,480000,480000
1786976558.464,480000,480000,479994,480000
1786976558.693,480000,480000,480000,480000
1786976558.912,480005,479993,480006,480000
1786976559.129,480000,480000,480000,480006
1786976559.357,480000,480000,480000,480000
1786976559.584,480000,480000,479994,480000
1786976559.824,480000,480000,480000,480000
1786976560.089,479993,480000,480006,480000
1786976560.314,480000,480000,480000,480000
1786976560.545,480000,480000,479993,480000
1786976560.767,480000,480000,480000,480000
1786976561.020,480000,480005,480000,479993
1786976561.261,480000,480005,480005,480000
1786976561.504,480000,480000,480000,479993
1786976561.743,480000,480000,480000,480000
1786976561.975,480000,480000,480006,480000
1786976562.198,480006,480000,480000,480005
1786976562.427,480005,480000,480000,480000
1786976562.667,480000,480000,479994,480000
1786976562.917,480000,480000,480000,480000
1786976563.150,480006,480000,480000,480000
1786976563.382,480000,480000,480005,480000
1786976563.614,480000,480000,480000,480006
1786976563.848,480000,480000,480000,479994
1786976564.066,480000,480006,480000,480000
1786976564.299,480000,479994,480000,480000
1786976564.542,480000,480000,480000,480000
1786976564.775,480000,480000,480000,480000
1786976565.027,479994,480005,480000,480006
1786976565.262,480000,480000,480000,480005
1786976565.494,480000,480000,480006,480000
1786976565.724,480005,480006,480000,480000
1786976565.943,480000,480000,480005,480000
1786976566.151,480000,480000,480000,480000
1786976566.354,480000,480000,479994,480000
1786976566.576,480000,480000,479993,480000
1786976566.809,480000,480000,480000,480000
1786976567.042,480000,479994,479993,480000
1786976567.293,480000,480000,480000,480000
1786976567.536,480000,480000,480000,479993
1786976567.763,480000,480006,480000,480006
1786976567.996,480005,480000,480006,480000
1786976568.234,480000,480000,479993,480006
1786976568.470,480000,480000,480000,480000
1786976568.726,480000,480006,480000,480000
1786976569.007,480000,480000,480000,480000
1786976569.235,480000,480000,479994,480006
1786976569.465,480000,480000,480000,480000
1786976569.696,480000,480000,480000,480000
1786976569.926,480000,480000,480000,480000
1786976570.142,479993,480000,480000,480000
1786976570.369,480000,480000,480000,480000
1786976570.616,480000,480005,479987,480000
1786976570.835,480005,480000,479993,480005
1786976571.076,480000,480000,479993,479994
1786976571.302,480000,480005,480000,480000
1786976571.533,480000,480000,479994,480006
1786976571.766,480000,480000,480000,480000
1786976572.047,480000,480000,480000,480000
1786976572.277,479994,480000,480000,480000
1786976572.512,480000,480000,480000,480006
1786976572.742,480005,480000,480000,480000
1786976572.983,480000,480000,479994,480000
1786976573.213,479993,480000,479994,480000
1786976573.460,480000,480000,480000,480000
1786976573.718,480000,480000,479994,479994
1786976573.946,479994,480000,480000,479993
1786976574.181,480000,480000,480000,480000
1786976574.412,480000,480000,480000,480000
1786976574.651,480000,479993,479994,480006
1786976574.900,480006,480000,480006,480000
1786976575.155,480000,480000,480000,480006
1786976575.383,480000,480005,480000,480000
1786976575.613,480000,480000,480000,480000
1786976575.859,480006,480000,479994,480000
1786976576.089,480000,480005,479994,480005
1786976576.322,480006,480000,480000,480000
1786976576.574,480000,479994,480000,480000
1786976576.830,480000,480000,480006,480000
1786976577.070,480000,480000,480006,480000
1786976577.299,480000,480000,480000,479993
1786976577.532,480000,480000,480005,480000
1786976577.762,480000,480000,480000,480000
1786976578.008,479994,480000,480006,480000
1786976578.265,480006,480006,480000,480000
1786976578.501,480000,480000,480005,480000
1786976578.732,480000,480006,480005,480000
1786976578.970,480000,480006,480012,480000
1786976579.204,480000,480006,479993,480005
1786976579.438,480005,480000,480000,480006
1786976579.680,480006,479993,480000,480000
1786976579.916,480000,479994,480005,480000
1786976580.146,480000,480000,479994,480000
1786976580.370,480000,480000,480005,480000
1786976580.599,480000,480000,479994,480000
1786976580.823,480000,480000,480000,480000
1786976581.107,480000,480006,480000,480000
1786976581.360,480005,480000,479994,480000
1786976581.596,479993,480000,480000,480000
1786976581.828,480005,480000,480006,480000
1786976582.033,480000,480000,480006,479993
1786976582.268,480000,480000,480000,479987
1786976582.496,480005,480006,480000,480000
1786976582.776,480006,480000,480000,480000
1786976583.007,480000,479994,480005,480000
1786976583.242,480000,480000,479993,480000
1786976583.479,480012,480000,480000,480000
1786976583.712,480000,480000,480000,480000
1786976583.949,480000,480006,480000,480000
1786976584.199,480000,480000,480000,479993
1786976584.432,480000,479994,479993,480000
1786976584.656,480000,480005,480000,480000
1786976584.886,480000,480000,480000,479993
1786976585.107,480000,480000,480000,479993
1786976585.337,480000,479994,480000,480000
1786976585.599,480000,480005,480000,480000
1786976585.865,480000,480000,480000,480000
1786976586.097,480000,480000,480000,480000
1786976586.328,480000,479993,480006,480000
1786976586.563,480000,480000,480000,480000
1786976586.799,480000,480000,480000,479994
1786976587.068,480000,480005,480000,480000
1786976587.341,480000,480000,480000,480011
1786976587.570,479994,480000,480000,480000
1786976587.799,480000,480000,480000,480000
1786976588.042,480000,480006,479993,480000
1786976588.281,479994,480000,480005,480000
1786976588.543,480006,480005,479994,480005
1786976588.807,480005,480000,479994,480000
1786976589.070,480000,479993,479993,480000
1786976589.306,480000,479994,480000,480000
1786976589.532,480000,480000,480000,479993
1786976589.761,480000,480000,480005,480000
1786976590.014,480000,480000,480000,480000
1786976590.266,479993,480000,480000,480000
1786976590.498,480000,480000,480000,480000
1786976590.736,479994,480006,480005,480000
1786976590.968,480000,480000,480000,480000
1786976591.195,480006,480000,479993,480000
1786976591.435,480000,480000,480000,480000
1786976591.677,480000,480000,480000,480000
1786976591.905,480000,479993,480000,480000
1786976592.146,480000,480005,480006,480000
1786976592.374,480000,479993,480000,480000
1786976592.605,480000,479994,480000,480000
1786976592.846,480000,480000,480000,480000
1786976593.088,480000,480000,480000,480000
1786976593.346,480012,480000,480000,480000
1786976593.581,480000,480000,479993,480000
1786976593.814,479993,480000,480000,480000
1786976594.046,480000,480000,480000,480000
1786976594.276,480000,480000,480000,480000
1786976594.491,480000,480000,479994,480000
1786976594.742,480000,480000,480000,479994
1786976594.979,480000,480000,480000,480000
1786976595.214,480000,479993,480000,480000
1786976595.445,479993,479993,480000,480006
1786976595.679,479994,480000,480000,480000
1786976595.913,480006,480000,479993,480000
1786976596.141,479993,480005,480000,480000
1786976596.379,480000,480000,480000,480000
1786976596.612,480000,480000,480000,480000
1786976596.833,480000,479993,479993,479987
1786976597.075,480000,479993,480000,480000
1786976597.305,480000,480000,480000,480005
1786976597.520,479993,479993,479993,480000
1786976597.770,480000,480000,480000,480000
1786976598.081,480000,480000,480000,479993
1786976598.319,480000,480000,480000,479993
1786976598.548,480000,479993,480000,479993
1786976598.762,480000,480000,480000,480000
1786976599.004,480000,480000,480000,480000
1786976599.275,480000,480000,480000,480000
1786976599.523,479993,480000,479993,480000
1786976599.745,479994,480000,479993,480000
1786976599.972,480000,480000,480000,480000
1786976600.210,480000,480000,480005,480006
1786976600.444,479993,480000,480000,480000
1786976600.684,479994,480000,480000,479993
1786976600.941,480000,480006,480000,480000
1786976601.170,480000,480000,480000,480000
1786976601.400,480000,480006,480000,479994
1786976601.633,480000,480000,480000,479993
1786976601.868,480000,480000,480000,479993
1786976602.104,480000,480000,480000,480000
1786976602.345,480000,479994,480000,480000
1786976602.571,479994,480000,479994,479993
1786976602.802,480000,479993,480000,480000
1786976603.049,479993,479993,480006,480000
1786976603.276,479993,480000,479994,480000
1786976603.508,480000,480000,479994,480000
1786976603.745,480000,480000,480000,479993
1786976604.044,480000,480000,479994,480005
1786976604.280,480000,480000,480000,480000
1786976604.509,479993,480000,479993,480000
1786976604.741,480000,480000,480000,480000
1786976604.974,480000,480000,480006,480000
1786976605.206,480000,480000,480000,480000
1786976605.467,480000,480000,480005,480000
1786976605.710,480000,480000,480000,480000
1786976605.950,480000,480000,480000,480000
1786976606.184,479994,480000,480000,480000
1786976606.419,479993,479993,480000,480000
1786976606.646,480000,480000,480000,480000
1786976606.910,480000,480000,480000,480006
1786976607.154,480000,480000,479994,480000
1786976607.382,480000,480005,480000,480000
1786976607.614,480000,480006,480000,480000
1786976607.838,480000,480000,480000,480006
1786976608.072,480000,480000,479994,480000
1786976608.320,480000,480000,480006,480000
1786976608.577,480000,480000,480000,480000
1786976608.808,480000,480000,480005,480000
1786976609.058,480000,480000,480000,480000
1786976609.282,480000,480000,480000,480000
1786976609.511,480000,480005,480000,480000
1786976609.763,480000,480011,480000,480006
1786976610.053,480005,480012,479994,480000
1786976610.251,480005,480000,479994,480006
1786976610.454,480000,480000,479993,480012
1786976610.695,480000,480000,480006,480005
1786976610.924,480000,480000,480000,480000
1786976611.159,480000,480000,479994,480000
1786976611.412,480000,479994,480006,480006
1786976611.645,480006,480006,480000,480000
1786976611.877,480000,479994,480000,480000
1786976612.106,480000,479994,480000,480000
1786976612.338,480000,480000,480000,480000
1786976612.569,480000,480000,480000,480000
1786976612.816,480000,480000,479993,480000
1786976613.095,480000,480000,480000,480000
1786976613.324,480000,480000,480000,479994
1786976613.553,480000,480006,479994,480000
1786976613.781,480000,480000,480000,479994
1786976614.016,480000,479993,480000,480000
1786976614.237,480005,480000,480005,480000
1786976614.480,480006,480000,480005,480000
1786976614.712,480000,480000,480000,480000
1786976614.953,480000,479994,480000,479993
1786976615.175,480000,480000,480000,480000
1786976615.404,479994,480000,480006,480000
1786976615.634,480006,480000,480000,480000
1786976615.889,480000,480000,480000,480006
1786976616.144,479994,480000,479993,480000
1786976616.361,480000,480000,480000,479994
1786976616.597,480000,480000,480000,480000
1786976616.834,480006,480000,480000,480005
1786976617.044,480006,480000,480000,480000
1786976617.277,480000,480000,479993,480000
1786976617.543,480000,480000,480000,480000
1786976617.771,480000,480000,480000,480005
1786976617.999,480000,479993,480000,480000
1786976618.230,479994,480000,479993,480000
1786976618.464,480000,480006,480000,480000
1786976618.686,480000,480005,480000,479994
1786976618.951,480005,480000,479993,480005
1786976619.230,480000,480000,480000,480000
1786976619.471,480000,480000,480000,480000
1786976619.703,480000,480006,480005,479994
1786976619.939,479993,480000,480000,480005
1786976620.174,480006,480000,480000,480006
1786976620.421,480000,480000,479994,480000
1786976620.671,480005,480000,480005,479993
1786976620.935,480000,480000,480000,480000
1786976621.171,480000,480000,480000,480000
1786976621.395,480005,480000,480006,480000
1786976621.626,480000,480000,480006,480000
1786976621.851,480000,480005,480000,480006
1786976622.079,480000,479993,480000,479994
1786976622.320,480000,480000,480000,480005
1786976622.549,480000,480006,480000,480000
1786976622.779,479993,479993,479994,480000
1786976623.013,480000,480000,480000,480000
1786976623.244,479994,480000,480000,479993
1786976623.515,480000,479993,480000,480000
1786976623.763,480000,480000,480011,480000
1786976624.029,480005,480000,480000,480000
1786976624.272,480000,480000,480000,480000
1786976624.505,480000,480006,479993,480000
1786976624.734,480000,480000,480000,480000
1786976624.961,480000,480000,480000,480000
1786976625.217,480005,480000,479993,480000
1786976625.445,480000,480000,480005,480000
1786976625.677,480000,480000,479994,480000
1786976625.910,480005,480000,480000,480000
1786976626.144,480005,480005,479993,479994
1786976626.394,480000,480000,480000,480000
1786976626.627,480005,480005,480000,480000
1786976626.882,480000,480000,480000,480000
1786976627.100,480012,479993,480000,480000
1786976627.327,480000,480005,480000,480000
1786976627.559,480000,480000,480000,480000
1786976627.804,480006,480000,480000,480000
1786976628.074,480005,480000,480006,480000
1786976628.304,479993,480000,480000,479994
1786976628.539,479993,480000,480000,480000
1786976628.768,480000,480000,480000,480000
1786976629.000,480006,479993,480000,480000
1786976629.233,480000,480000,480000,480005
1786976629.469,480000,480000,480006,480000
1786976629.705,480000,480000,480000,480000
1786976629.938,480000,480000,480000,480000
1786976630.160,480000,480000,480000,480000
1786976630.394,480000,479994,480000,480000
1786976630.626,480005,480000,480000,480000
1786976630.889,480000,480000,480005,480000
1786976631.129,480006,479993,480006,479994
1786976631.359,480000,480000,479993,480000
1786976631.585,480005,479993,480000,480000
1786976631.817,480005,480000,480000,480000
1786976632.063,480000,479993,480000,480000
1786976632.290,480000,480006,480000,480000
1786976632.508,480000,480000,480000,480000
1786976632.745,480000,480000,480000,479993
1786976632.974,480005,480000,480000,480000
1786976633.210,480006,480000,480000,480000
1786976633.439,480000,480000,480000,480006
1786976633.671,480000,479994,480005,480000
1786976633.912,480000,480006,480000,480000
1786976634.183,480000,480000,480000,480000
1786976634.414,480000,480000,480000,480000
1786976634.625,480000,479993,479993,479993
1786976634.853,479994,480000,480000,480000
1786976635.082,480000,480000,480000,480000
1786976635.312,480000,479993,480000,479994
1786976635.562,480000,479994,480000,480000
1786976635.802,480000,480000,479993,480000
1786976636.083,480006,480000,480000,480000
1786976636.314,480000,480000,479993,480000
1786976636.545,480000,480005,480000,480000
1786976636.770,480000,480000,480000,480000
1786976637.070,480000,480005,480000,480000
1786976637.315,479994,480000,480000,480000
1786976637.543,480005,480000,479994,479993
1786976637.774,480000,480000,480000,479993
1786976638.003,480000,480000,479994,480000
1786976638.247,480000,480000,480000,479993
1786976638.505,480000,479993,480000,480000
1786976638.761,480000,480000,480000,479993
1786976639.029,480005,480000,479993,480000
1786976639.256,480005,480000,480000,479993
1786976639.491,480000,480000,479994,479993
1786976639.718,479994,480000,480000,479987
1786976639.967,480000,479993,480000,480000
1786976640.234,479993,480000,480005,479987
1786976640.469,480000,480000,480005,480005
1786976640.701,480000,480000,480000,480000
1786976640.937,480000,480005,480000,480000
1786976641.168,479994,480000,480000,480000
1786976641.408,480000,479993,480000,479994
1786976641.670,480000,480005,480006,480000
1786976641.927,480005,480000,480000,480000
1786976642.136,480000,479994,480000,480000
1786976642.370,480000,479994,480000,480000
1786976642.596,480000,480000,480000,480005
1786976642.843,480000,480000,480000,480000
1786976643.115,480000,480005,480000,480000
1786976643.372,480000,479994,480000,480012
1786976643.599,480000,479994,480000,480000
1786976643.837,480000,480000,480000,480000
1786976644.071,480000,480000,480006,480000
1786976644.303,480000,479994,480005,480000
1786976644.559,480000,480005,480000,480000
1786976644.815,480000,479994,480000,479994
1786976645.087,480000,480000,480005,480000
1786976645.320,480000,480000,480000,480000
1786976645.552,480000,480005,480000,479994
1786976645.777,480005,480000,480000,480000
1786976646.033,480006,480000,480000,479994
1786976646.289,480000,480000,480000,480000
1786976646.527,480000,480000,480000,480000
1786976646.762,480000,480000,480000,480006
1786976647.000,480000,480000,480000,480000
1786976647.237,480000,480000,479993,480000
1786976647.470,480000,480000,480000,479994
1786976647.714,480000,480000,480000,480000
1786976647.945,480000,480000,480000,479994
1786976648.180,480000,480000,480000,480000
1786976648.414,480000,480000,479994,480000
1786976648.648,480006,480000,480000,480000
1786976648.908,480000,479993,480000,480000
1786976649.156,480000,480000,480000,480000
1786976649.397,480000,480000,480000,479993
1786976649.627,480000,480000,480000,480000
1786976649.864,480000,480000,479994,480000
1786976650.096,480006,480000,480000,480000
1786976650.328,480000,480000,480000,480000
1786976650.579,480000,480000,480000,480000
1786976650.837,480006,480000,480000,480000
1786976651.072,479994,480005,480005,480000
1786976651.302,480000,480000,480005,480000
1786976651.531,480000,479993,480000,480000
1786976651.756,480000,480000,480000,480000
1786976651.998,480012,480006,480000,480000
1786976652.238,480005,480000,480006,480000
1786976652.474,480000,480000,480000,480000
1786976652.720,480000,480000,480000,480006
1786976652.951,480006,480000,480000,480000
1786976653.185,480000,480000,480000,480000
1786976653.422,480000,480000,480000,480005
1786976653.671,480000,480000,480000,480000
1786976653.907,480000,480000,480000,480005
1786976654.139,480000,480000,480000,479994
1786976654.371,480005,480000,480000,480000
1786976654.606,480000,480000,480000,480000
1786976654.867,480000,480006,480000,480000
1786976655.087,480000,480005,480006,479993
1786976655.326,480006,480005,479987,480000
1786976655.563,480000,480000,480000,480005
1786976655.792,480000,480000,480000,480000
1786976656.003,480000,480000,480000,480000
1786976656.235,479993,480000,480000,480000
1786976656.460,480000,480000,480000,480000
1786976656.726,480000,480000,479993,480000
1786976656.976,480000,480000,480000,480000
1786976657.205,480000,479993,480000,480000
1786976657.435,480000,480000,480006,480006
1786976657.667,479994,480000,480000,480000
1786976657.895,480000,479993,480000,480000
1786976658.149,480000,480000,480000,480000
1786976658.388,480000,480000,479993,480000
1786976658.617,480005,480000,480000,480000
1786976658.845,480000,479994,480000,480000
1786976659.089,480006,480000,480000,480000
1786976659.327,480000,480000,480000,480011
1786976659.566,480000,480005,480000,480000
1786976659.819,480000,480000,480000,480000
1786976660.057,480005,480000,480000,480000
1786976660.291,480006,480000,480000,480000
1786976660.525,480000,480006,480000,480000
1786976660.756,480000,480000,480000,479994
1786976660.999,480000,480000,479994,480000
1786976661.242,480000,480006,480000,480000
1786976661.486,479994,480005,480000,480006
1786976661.696,480000,479993,479993,480000
1786976661.934,480000,480000,480005,479993
1786976662.166,480000,480000,480000,480000
1786976662.392,480000,480000,480000,480000
1786976662.622,480000,480000,480000,480000
1786976662.867,480000,480000,480000,480000
1786976663.109,480000,480000,480000,479994
1786976663.343,480000,480000,480000,480000
1786976663.572,480000,480000,480000,480000
1786976663.802,480000,479994,480000,480000
1786976664.062,480000,480000,480000,480000
1786976664.311,480000,480000,480000,480006
1786976664.538,480000,480006,480000,480000
1786976664.772,480000,479993,480000,480000
1786976664.992,480000,480005,480000,480005
1786976665.218,480000,480000,480000,480000
1786976665.461,480000,479994,480000,480006
1786976665.684,480000,480005,480006,480000
1786976665.943,480000,480000,480000,480000
1786976666.186,480000,480000,480006,480005
1786976666.419,479994,480000,480000,480000
1786976666.647,480000,480000,480000,480000
1786976666.879,480000,480000,480000,480000
1786976667.136,480000,480000,480005,479993
1786976667.382,480000,480000,479993,480006
1786976667.609,479993,480005,480000,479994
1786976667.833,480006,480000,480000,480006
1786976668.071,480000,480006,480000,480000
1786976668.302,480000,480000,480000,480000
1786976668.546,480000,480005,480000,480000
1786976668.804,480000,480005,480000,480000
1786976669.065,480000,479994,479993,480000
1786976669.294,480000,480000,480000,480000
1786976669.523,480000,480000,480000,480000
1786976669.755,480005,480005,480000,480000
1786976670.030,480000,480000,480000,480000
1786976670.287,480000,480000,480000,480006
1786976670.506,480006,480000,480000,480000
1786976670.742,480000,480000,480000,479993
1786976670.972,480005,480005,480000,480000
1786976671.202,480000,480000,480000,480000
1786976671.432,480000,480000,480000,480006
1786976671.670,479994,479988,479993,480006
1786976671.927,480000,480000,480000,480000
1786976672.165,480000,480000,480000,480005
1786976672.396,480000,480000,480000,480005
1786976672.621,480000,480000,480000,480000
1786976672.846,480000,480000,480000,480000
1786976673.101,480000,479993,480000,480005
1786976673.348,480000,480000,480005,480000
1786976673.591,479994,480000,479994,480000
1786976673.827,479994,480000,480000,479988
1786976674.062,479994,480000,480006,480000
1786976674.290,480000,480005,480000,480000
1786976674.523,480000,480000,480000,480005
1786976674.771,480000,480000,480000,480006
1786976675.046,480006,479993,480000,480006
1786976675.281,480000,480005,480000,480000
1786976675.510,479994,480000,480000,480000
1786976675.742,480000,480000,480000,480000
1786976675.981,480006,480000,480000,480000
1786976676.228,480006,480000,480000,479993
1786976676.460,479994,480000,480006,480000
1786976676.688,480005,480005,480000,480000
1786976676.925,480000,480000,479994,480005
1786976677.165,479994,480000,480006,480006
1786976677.392,480000,480000,480000,480000
1786976677.649,480000,480000,480000,480000
1786976677.929,480005,480000,480000,480005
1786976678.161,480000,480000,479994,480000
1786976678.393,480000,479994,480000,480000
1786976678.630,479994,480000,479993,479994
1786976678.872,480000,480000,480000,480000
1786976679.115,480000,480000,480000,480000
1786976679.361,480000,480000,480000,480000
1786976679.594,480000,480000,480005,479994
1786976679.825,480000,480000,480000,480000
1786976680.060,479994,480000,480006,480000
1786976680.285,480000,480000,479994,480000
1786976680.526,480000,480006,480000,480005
1786976680.760,480000,480000,480000,480000
1786976680.995,480000,480000,480000,480000
1786976681.223,480000,480012,480000,480000
1786976681.457,480000,480000,480000,480000
1786976681.687,479994,480000,480000,480005
1786976681.918,479993,480000,480000,480000
1786976682.160,480000,480005,480000,480000
1786976682.406,480000,480000,480000,480000
1786976682.650,480000,480000,480000,480000
1786976682.880,480000,480000,480005,480006
1786976683.114,480005,480005,480000,480000
1786976683.341,480000,480000,480000,480000
1786976683.579,480000,479994,480000,480000
1786976683.828,480000,480000,480006,480000
1786976684.112,480000,479993,480000,479994
1786976684.349,480000,480000,479993,480000
1786976684.581,480000,479994,480000,480000
1786976684.810,480000,480006,479993,480000
1786976685.048,480000,480000,480000,480000
1786976685.284,480012,480000,480000,479993
1786976685.533,480000,480000,480006,480000
1786976685.762,479993,480000,480000,480000
1786976685.997,480000,480000,480000,479994
1786976686.237,480000,480000,480000,480000
1786976686.461,480000,480005,480000,480000
1786976686.713,480000,480000,480000,480000
1786976686.925,480000,480000,480000,480000
1786976687.126,480006,479993,480006,480000
1786976687.358,480000,479994,479994,480000
1786976687.587,480000,480000,480011,480006
1786976687.816,480000,480000,480006,480005
1786976688.060,480000,479993,480000,480000
1786976688.309,480000,480000,480000,480000
1786976688.545,479993,480000,480000,480000
1786976688.777,480000,480000,479993,480000
1786976689.001,480000,480006,480000,480005
1786976689.239,480000,480000,480000,480000
1786976689.475,480000,480000,480000,480000
1786976689.719,480000,480000,480000,480000
1786976689.970,480000,479994,480000,480005
1786976690.205,480005,480000,480000,480000
1786976690.437,480000,480000,480000,480000
1786976690.665,480005,480000,480000,480006
1786976690.895,480000,480000,480000,480000
1786976691.136,480000,480000,480000,480000
1786976691.397,480000,480000,480000,480005
1786976691.644,479934,480005,480000,480006
1786976691.879,480000,480000,480000,479993
1786976692.095,480000,479993,480000,480000
1786976692.302,480006,480000,480000,480000
1786976692.541,479993,480000,480000,480000
1786976692.791,480006,480000,479994,480005
1786976693.078,480000,479993,480000,480000
1786976693.303,480000,480000,480000,480011
1786976693.536,480000,480000,480000,480000
1786976693.769,480000,480000,480000,480000
1786976693.989,480000,480000,480000,480000
1786976694.255,480000,480005,480006,480000
1786976694.501,480000,480000,480000,480006
1786976694.732,480000,480000,479993,480000
1786976694.963,480000,480000,480000,480000
1786976695.192,480006,480000,480000,480000
1786976695.423,480000,480000,480000,480000
1786976695.659,480005,480000,480005,480005
1786976695.911,480000,479994,480000,480000
1786976696.148,480000,480000,480006,480005
1786976696.378,480006,480006,479993,480000
1786976696.596,480000,480000,480000,480000
1786976696.830,480000,480000,480000,480000
1786976697.068,480000,480005,480000,480000
1786976697.315,480005,480000,480000,480000
1786976697.555,479993,480000,480000,480000
1786976697.781,480000,479994,480000,480000
1786976698.020,480000,480005,480000,480000
1786976698.252,480000,480000,479993,480000
1786976698.478,479994,480000,480000,480011
1786976698.737,480000,480000,480000,480000
1786976698.978,479993,480000,480000,479994
1786976699.219,480000,480000,479994,480000
1786976699.459,480000,480000,480000,480005
1786976699.689,479994,479993,480000,480000
1786976699.923,480000,480000,480005,480000
1786976700.177,480000,479993,480000,480000
1786976700.424,480000,480000,480005,480006
1786976700.658,480000,480006,480000,480000
1786976700.890,480000,480005,480000,479987
1786976701.129,480000,480000,480000,480000
1786976701.361,480000,480000,480000,480005
1786976701.596,480005,480000,480005,480000
1786976701.852,480005,480000,480005,480000
1786976702.108,480000,480000,480000,480000
1786976702.337,479993,480006,480000,480000
1786976702.570,480006,479994,479994,480000
1786976702.804,480000,480000,480000,480000
1786976703.056,480000,480000,479994,480000
1786976703.290,479993,480000,480000,480000
1786976703.540,480000,480006,480000,480000
1786976703.770,480000,480000,480005,480000
1786976704.002,480000,480000,479993,479994
1786976704.235,480000,480000,480006,479993
1786976704.466,480000,480000,480005,480000
1786976704.713,480000,480000,480000,480000
1786976704.966,480000,480000,479993,480006
1786976705.221,480000,480000,480000,480000
1786976705.448,480000,479994,480000,480006
1786976705.675,480000,480000,480005,480000
1786976705.906,480000,479994,480000,480000
1786976706.137,480000,480000,480006,480000
1786976706.373,480000,480000,479994,480000
1786976706.605,480000,480000,480000,479993
1786976706.829,480000,480000,479993,480000
1786976707.037,480000,480005,480000,480000
1786976707.264,480000,480000,480000,480000
1786976707.500,480000,479994,480000,480005
1786976707.746,480000,480000,480000,480000
1786976708.011,480000,479993,480006,480000
1786976708.248,479994,480000,480000,480005
1786976708.483,480000,480000,480000,480000
1786976708.711,480000,480000,480006,479994
1786976708.946,480000,480000,479993,479994
1786976709.188,480006,480000,480000,480000
1786976709.444,480006,480000,479994,480000
1786976709.670,480000,480000,480000,480000
1786976709.911,480000,480000,480000,480000
1786976710.139,480000,479993,480000,480000
1786976710.366,480000,480000,480000,480000
1786976710.589,480000,480000,480000,480000
1786976710.894,480000,480000,480000,480000
1786976711.160,480000,480000,480000,480000
1786976711.392,480000,480000,480000,480000
1786976711.618,480006,480000,480000,480000
1786976711.857,480000,480006,480000,480000
1786976712.089,479994,479993,480000,480000
1786976712.311,479993,479994,480000,480000
1786976712.548,480000,480000,480000,480000
1786976712.773,480000,480000,479993,480011
1786976713.044,480000,479993,479993,480000
1786976713.270,480000,480000,480005,480000
1786976713.501,480000,479994,480005,480000
1786976713.739,480000,480000,480000,479994
1786976713.998,480000,480000,480000,480000
1786976714.232,480000,480000,480000,480000
1786976714.465,480000,480000,480000,480000
1786976714.699,480000,480000,480000,480000
1786976714.929,480000,479993,480000,480000
1786976715.142,480000,480000,480000,480006
1786976715.381,480000,480000,480000,480005
1786976715.606,480000,479993,480000,480000
1786976715.843,480000,479993,480000,480000
1786976716.082,480000,480000,480005,480000
1786976716.314,480000,480000,480000,480000
1786976716.546,480000,480000,480000,480000
1786976716.805,479993,480000,480000,480000
1786976717.052,480000,480000,479994,480000
1786976717.275,480006,479993,480000,480000
1786976717.510,480000,480000,480000,480000
1786976717.746,480006,480000,480000,480006
1786976717.982,480000,480000,480000,480000
1786976718.199,480000,480000,480000,480000
1786976718.433,480000,480000,480000,480000
1786976718.676,480000,480000,480000,480000
1786976718.915,480000,480000,480000,480000
1786976719.166,480000,480000,480000,480000
1786976719.403,479993,480000,480000,480000
1786976719.634,480000,479993,480000,480000
1786976719.886,480000,480000,480000,480000
1786976720.143,480006,479994,480006,480000
1786976720.373,479993,480000,480000,480000
1786976720.603,480006,479994,480000,480005
1786976720.828,480000,480000,479994,480000
1786976721.059,479993,480000,480000,480000
1786976721.292,480000,480000,480000,480000
1786976721.532,479994,480000,479994,480000
1786976721.771,480000,480000,480006,480000
1786976722.010,480000,480000,479993,480006
1786976722.243,480000,480000,480000,479994
1786976722.472,480000,480000,479994,480000
1786976722.702,480000,480000,480000,480000
1786976722.949,480005,480000,480006,480000
1786976723.213,480000,480000,480005,480000
1786976723.452,480000,479993,480000,480000
1786976723.681,480000,480000,480000,480000
1786976723.912,479993,480000,480000,480000
1786976724.144,480000,479993,480006,479993
1786976724.384,480000,479994,480000,480000
1786976724.630,480000,480000,480000,480000
1786976724.868,480000,479994,480000,480000
1786976725.079,480000,480000,480006,480006
1786976725.320,480000,479993,480000,480000
1786976725.544,480000,480000,479993,480000
1786976725.795,480000,480000,480005,480000
1786976726.086,479993,480000,480000,480006
1786976726.328,480000,480000,480000,480000
1786976726.568,480000,480000,480006,480000
1786976726.790,480000,480000,480000,480000
1786976727.065,480000,480000,480000,480000
1786976727.298,480006,480000,480000,480000
1786976727.565,480000,480000,480006,480000
1786976727.791,480000,479993,480000,480000
1786976728.023,480000,480000,480000,480000
1786976728.253,480005,479994,480000,480000
1786976728.490,480000,480000,480000,480006
1786976728.716,480000,480000,480000,480005
1786976728.961,479994,480000,480000,479993
1786976729.181,480000,480000,480005,480000
1786976729.398,480000,480000,480005,480000
1786976729.610,480000,479994,480000,480000
1786976729.843,480000,480000,480000,480000
1786976730.075,479993,480000,479993,480000
1786976730.309,479993,480000,480000,480000
1786976730.549,479994,480000,480000,479993
1786976730.793,480000,480000,480000,480000
1786976731.056,480000,480000,480000,480000
1786976731.282,480000,480000,479994,480000
1786976731.511,480000,480000,480000,480000
1786976731.747,480000,480000,480000,480000
1786976732.046,480000,480000,479994,480000
1786976732.298,479988,480000,480006,480000
1786976732.521,479994,480000,480000,479993
1786976732.751,479994,480000,480006,480006
1786976732.985,480000,480000,480000,480011
1786976733.215,479993,480000,480000,480006
1786976733.469,480000,479994,480000,480000
1786976733.703,480000,480000,480000,480000
1786976733.933,480005,480000,479994,479994
1786976734.158,480000,480000,480006,480006
1786976734.391,480000,480006,480000,480000
1786976734.620,480000,480000,480000,480005
1786976734.866,480000,480000,480000,480000
1786976735.129,480000,480000,480000,479993
1786976735.364,480000,479993,480000,480000
1786976735.589,480000,480000,480000,480000
1786976735.813,480000,479994,479994,479994
1786976736.052,480000,480011,480000,480005
1786976736.288,480000,480000,480000,480000
1786976736.532,480000,479993,480000,480000
1786976736.776,479994,480000,480000,480000
1786976737.013,480000,480006,480000,480000
1786976737.243,480000,480000,480000,480006
1786976737.473,480000,480006,480000,479993
1786976737.706,480000,480000,480000,480000
1786976737.963,480000,480000,480000,480006
1786976738.217,480000,480000,479994,480000
1786976738.445,480006,480000,480000,480000
1786976738.686,480000,480000,480000,479994
1786976738.917,480005,480005,480000,480000
1786976739.153,479994,480000,480006,480000
1786976739.419,480000,480000,480000,480000
1786976739.681,479993,480006,480000,480000
1786976739.922,480000,479993,479994,480000
1786976740.151,480000,480000,480000,480000
1786976740.381,480000,480000,480000,479993
1786976740.615,480000,480000,480000,480000
1786976740.849,480000,480000,480000,480006
1786976741.117,480000,480000,479993,479993
1786976741.376,479994,480000,480000,480000
1786976741.614,480000,480006,480006,480006
1786976741.851,480000,480000,480000,480006
1786976742.085,479993,480005,480000,480000
1786976742.326,480000,480000,480000,480000
1786976742.571,480000,480005,480000,480000
1786976742.806,479994,480000,480000,480000
1786976743.041,480000,480006,480000,480005
1786976743.279,480000,480000,480000,480000
1786976743.512,480000,480000,480005,480000
1786976743.738,480000,480000,480000,480000
1786976744.001,480000,480000,480000,480000
1786976744.260,479993,479993,480006,480006
1786976744.501,480000,480000,480000,480000
1786976744.744,480000,480000,479994,480000
1786976744.976,480000,480006,480005,479993
1786976745.208,480000,480000,480000,480006
1786976745.456,480011,480000,480000,480000
1786976745.703,480000,480005,480000,480000
1786976745.937,480000,479993,480000,480000
1786976746.168,480006,480000,480000,480000
1786976746.403,479993,480000,479993,480000
1786976746.635,480000,480000,480000,480000
1786976746.880,480000,480000,479993,480000
1786976747.144,480000,479993,480005,480000
1786976747.368,480000,480000,479994,480005
1786976747.604,479994,480000,479994,479994
1786976747.836,480000,480000,479993,480006
1786976748.069,480000,480000,480000,480006
1786976748.297,480000,480000,480000,480000
1786976748.551,480000,480000,480000,480000
1786976748.784,479993,479994,480000,480000
1786976749.022,480000,479993,480000,479993
1786976749.257,480000,480000,480000,480000
1786976749.488,480000,480000,480000,480000
1786976749.717,479994,480000,480000,480000
1786976749.971,480000,480000,480000,480000
1786976750.212,480000,480000,480000,480000
1786976750.444,479994,480006,480000,480000
1786976750.672,480000,480000,480006,480000
1786976750.877,480000,479994,480000,480000
1786976751.108,480000,479994,480000,479993
1786976751.344,480000,480000,480000,480000
1786976751.587,480006,480000,479993,480000
1786976751.829,480006,480006,480000,480000
1786976752.088,480005,480000,480000,480006
1786976752.324,480000,480000,480000,480005
1786976752.550,480012,480000,480000,480006
1786976752.777,480000,480005,480000,480000
1786976753.056,480000,480000,480000,480000
1786976753.295,480000,480000,480000,480000
1786976753.526,480006,480006,480005,480000
1786976753.764,480000,479993,480000,480000
1786976753.993,479994,480006,480000,479994
1786976754.226,480000,480006,480000,479994
1786976754.469,480000,480000,480000,479993
1786976754.708,480000,480005,480000,480000
1786976754.938,480005,480000,479994,480000
1786976755.181,480000,479993,479994,480000
1786976755.414,479994,480000,479993,480000
1786976755.654,480000,479994,480006,480005
1786976755.900,480005,480000,479993,480000
1786976756.135,480000,480000,480000,480000
1786976756.377,480005,480000,479993,480000
1786976756.612,480000,480000,480000,480000
1786976756.838,480000,480006,480005,480000
1786976757.066,480000,479993,480000,479993
1786976757.292,480005,480000,480000,480000
1786976757.514,479993,480000,479993,480000
1786976757.748,480006,480005,479987,480000
1786976758.039,480000,480000,479994,480005
1786976758.274,480000,480000,480006,480000
1786976758.498,480000,480000,480000,480000
1786976758.722,480000,480006,480000,479994
1786976758.995,480000,480000,480000,480000
1786976759.237,480000,480000,480000,480000
1786976759.471,480000,480000,480000,479994
1786976759.699,480000,480000,480000,480000
1786976759.927,479993,480000,480000,480000
1786976760.162,480000,480000,480000,480000
1786976760.409,480000,480000,480000,480000
1786976760.660,480000,480000,479993,480000
1786976760.889,480000,480000,480000,480000
1786976761.132,480000,480000,480000,479994
1786976761.359,480000,480000,479993,479987
1786976761.587,479993,480000,480000,480000
1786976761.851,480000,480000,480000,480000
1786976762.122,479994,479993,480000,480000
1786976762.334,480000,480000,480000,480000
1786976762.568,479993,480006,480005,480000
1786976762.797,480006,479993,480000,479994
1786976763.032,480000,480000,480000,479994
1786976763.319,480000,480000,480000,480000
1786976763.578,480000,480000,480000,480006
1786976763.839,479993,479993,480000,480000
1786976764.070,480000,480006,480005,480006
1786976764.301,480000,480000,480000,480000
1786976764.529,479993,480006,480000,480000
1786976764.771,480000,480000,480000,480000
1786976765.077,479994,479993,480000,480005
1786976765.321,480000,480000,480000,480000
1786976765.550,480005,480000,479993,480000
1786976765.779,480000,479993,480000,480000
1786976766.035,480000,480000,480000,480000
1786976766.266,480000,480000,480000,480000
1786976766.511,480000,479993,479994,480000
1786976766.749,480005,480000,480005,480000
1786976767.032,480006,480000,480000,480000
1786976767.268,480000,479994,480000,480000
1786976767.508,480000,480006,479994,480005
1786976767.737,480000,480000,480000,480000
1786976767.969,480000,480000,480000,480000
1786976768.217,480000,479994,480000,480006
1786976768.447,480000,480011,480000,480006
1786976768.676,480000,480000,480000,480006
1786976768.893,480000,480000,480000,480000
1786976769.089,480000,480000,479993,480000
1786976769.317,480000,480000,480000,480000
1786976769.575,479993,479993,480000,480000
1786976769.816,480000,480000,480000,480000
1786976770.106,480000,480005,480000,480000
1786976770.343,479993,480000,480000,479993
1786976770.579,480000,480000,480000,480005
1786976770.815,479994,480000,479994,480000
1786976771.088,479994,480000,480000,479994
1786976771.342,480006,480000,480000,480000
1786976771.574,479993,479994,480000,479994
1786976771.808,480000,480000,480000,480000
1786976772.046,480006,480000,479993,479994
1786976772.269,479993,479993,480000,480000
1786976772.512,480000,480006,479993,480000
1786976772.745,480000,480000,480000,480000
1786976772.992,480000,480005,480000,480000
1786976773.224,480000,479993,480000,480000
1786976773.458,480000,480000,480000,480000
1786976773.687,480000,480000,479994,480000
1786976773.923,480000,480006,480000,480000
1786976774.202,479994,480000,480000,480000
1786976774.439,480000,480005,480000,480005
1786976774.670,480000,480000,480006,480000
1786976774.917,480012,480000,480000,480006
1786976775.146,480000,480000,480000,480000
1786976775.379,480000,480000,480000,480000
1786976775.630,479993,480000,480000,480000
1786976775.858,480000,480000,480000,479994
1786976776.102,479993,480000,480006,480000
1786976776.336,480000,480000,480000,480000
1786976776.564,480000,480000,480000,480006
1786976776.790,480000,480000,480006,479993
1786976777.048,480000,480000,480006,480005
1786976777.284,480000,480000,480000,479993
1786976777.527,480005,479993,480000,480000
1786976777.764,480000,480006,480000,480000
1786976777.999,480000,480000,479993,480005
1786976778.226,480000,479994,480000,480000
1786976778.461,480000,479994,480000,480000
1786976778.700,480000,480000,480000,480000
1786976778.907,480000,480000,480000,480000
1786976779.117,480000,480006,480000,480000
1786976779.351,480000,480005,480006,480000
1786976779.583,479994,480000,480000,479994
1786976779.814,480000,480000,480000,480000
1786976780.113,480000,480000,480000,480000
1786976780.350,480006,479993,480000,480000
1786976780.596,479993,479994,480000,480000
1786976780.823,480000,480006,480000,479993
1786976781.039,480006,480000,480000,480000
1786976781.273,480006,479994,480000,479993
1786976781.514,480000,480000,480000,479994
1786976781.757,480005,480000,479993,480000
1786976782.068,480000,480000,480000,479994
1786976782.303,480000,480000,480000,480000
1786976782.534,480000,480000,480005,480000
1786976782.761,480000,480005,480000,479993
1786976782.988,480000,480000,480006,480005
1786976783.219,480000,479994,480000,479993
1786976783.463,479988,480000,480000,480000
1786976783.694,479994,480000,480000,480000
1786976783.925,480000,479994,480000,480000
1786976784.157,480000,479994,479993,480000
1786976784.385,480000,480000,480000,480000
1786976784.633,480000,480000,480006,480000
1786976784.882,479993,480000,480000,480000
1786976785.120,479994,480006,480000,479993
1786976785.355,480000,480000,480000,480006
1786976785.578,480000,479994,480000,480000
1786976785.802,480000,480000,480000,480000
1786976786.042,480000,480000,480000,480000
1786976786.291,479993,480000,480000,480000
1786976786.539,480000,480000,480000,480000
1786976786.771,479994,479994,480000,480000
1786976787.016,480000,480000,479994,480000
1786976787.255,480000,480000,480000,480000
1786976787.494,480005,480000,480005,480000
1786976787.728,480000,480000,480000,480000
1786976787.951,480000,480000,480000,480000
1786976788.181,480000,480000,480000,480005
1786976788.416,480000,479993,480000,480000
1786976788.646,480000,480000,480000,480000
1786976788.896,480000,480000,479993,480000
1786976789.131,480000,479987,479993,480000
1786976789.378,480006,480000,480000,480000
1786976789.619,479993,480000,480006,480000
1786976789.851,480000,480000,480000,480000
1786976790.081,480000,480006,480005,480000
1786976790.316,480000,479993,479994,480000
1786976790.544,480000,479994,480000,480000
1786976790.798,480006,480000,480000,480000
1786976791.027,480000,479993,480000,479993
1786976791.264,480000,480000,480000,480000
1786976791.489,480000,480000,480006,480006
1786976791.710,480000,480000,480000,480000
1786976791.949,480000,480000,480000,480000
1786976792.191,480000,480000,480000,480000
1786976792.434,480000,480000,480000,480000
1786976792.664,480000,480000,480000,480000
1786976792.906,480000,479993,480000,480000
1786976793.130,480000,480000,480006,479994
1786976793.361,479993,480000,480000,480000
1786976793.602,480000,480000,480000,480000
1786976793.869,480000,480000,480000,480000
1786976794.117,480000,480000,480000,480000
1786976794.347,479994,479993,480000,480000
1786976794.578,480000,480000,480000,480000
1786976794.820,480000,480000,480000,480000
1786976795.073,480000,480000,480000,480000
1786976795.359,480000,480000,480000,480000
1786976795.562,480005,480005,479993,480000
1786976795.791,480000,480000,479994,480000
1786976796.014,480005,479994,480000,480000
1786976796.245,480006,480000,479994,480000
1786976796.475,480000,480000,480000,480000
1786976796.729,480000,480005,479993,480000
1786976796.963,480000,480000,480000,480006
1786976797.195,480000,480000,480000,480000
1786976797.433,480000,480005,480000,480000
1786976797.666,480000,480000,480011,480000
1786976797.896,480000,479994,480000,480000
1786976798.150,480006,480000,480000,479993
1786976798.403,480005,480000,480000,480000
1786976798.635,480000,479993,480000,480000
1786976798.875,480000,480000,479994,480000
1786976799.104,480000,480000,479994,480000
1786976799.334,480000,480000,480005,480000
1786976799.577,479987,480000,480000,480000
1786976799.832,480000,480006,480000,480011
1786976800.091,480000,480000,480000,480006
1786976800.325,479993,480000,480000,479987
1786976800.554,480000,480000,480000,480000
1786976800.801,480005,480000,480006,480005
1786976801.032,480006,480000,479994,480000
1786976801.272,480006,480000,480000,480006
1786976801.516,480000,480000,480000,479993
1786976801.744,480000,480000,480000,480006
1786976801.990,480000,480006,480000,480000
1786976802.217,480000,479994,480000,480000
1786976802.460,480000,480000,480006,480000
1786976802.710,480000,479993,479993,480000
1786976802.941,479993,480000,480000,480000
1786976803.147,479993,480006,480000,480000
1786976803.362,480000,479994,480000,479994
1786976803.591,480000,480005,480000,480000
1786976803.816,480000,480000,480000,480000
1786976804.054,479994,480000,480000,479993
1786976804.309,479994,480000,480000,480000
1786976804.542,480000,480000,480000,479993
1786976804.775,480000,480000,480000,479993
1786976805.022,480000,480000,480000,480006
1786976805.236,480000,480000,480000,480000
1786976805.468,480000,480006,480000,480005
1786976805.711,480000,480000,480000,480000
1786976805.952,480000,480000,480000,480000
1786976806.178,480000,479994,480000,480000
1786976806.407,480000,480006,480000,480000
1786976806.637,480000,479993,480000,480005
1786976806.896,480006,479994,480006,480000
1786976807.131,480000,480000,480000,479994
1786976807.369,480000,480005,480000,480000
1786976807.598,480005,480000,480000,480000
1786976807.830,480000,480000,480000,479988
1786976808.068,480005,480006,480005,480000
1786976808.306,480000,480006,480006,480006
1786976808.532,480000,479993,480000,480000
1786976808.807,480000,480000,480000,480000
1786976809.029,480000,479988,480000,480000
1786976809.275,480000,480000,480000,480005
1786976809.507,479993,480000,480000,480005
1786976809.729,480000,480000,480000,480000
1786976809.971,480000,480000,480000,480000
1786976810.206,480005,480000,480000,480000
1786976810.466,480000,480000,480000,480000
1786976810.700,480000,480000,480000,480000
1786976810.926,480000,480000,480000,480000
1786976811.140,479994,480000,480000,480000
1786976811.349,480005,480000,480000,480000
1786976811.580,480000,480000,480006,480006
1786976811.833,480000,480000,480005,480000
1786976812.051,480000,480000,479994,479994
1786976812.288,480000,479993,480000,479994
1786976812.531,480000,480005,480005,480000
1786976812.762,480000,479993,480006,480000
1786976813.002,480000,480000,479994,480006
1786976813.259,480000,479993,480000,480000
1786976813.498,480000,480000,480000,480005
1786976813.725,480000,480000,480000,480006
1786976813.950,480005,480005,480000,480000
1786976814.181,480000,480000,480000,480000
1786976814.418,480000,480000,479993,480000
1786976814.635,480000,480000,479994,480000
1786976814.863,480000,480005,480000,480006
1786976815.109,480000,480000,480005,480005
1786976815.334,480000,480000,480000,480000
1786976815.566,480006,480006,480011,480000
1786976815.793,480000,480006,480000,480005
1786976816.027,480000,480000,479993,480000
1786976816.299,480000,480000,480000,479994
1786976816.530,480000,480005,479993,479993
1786976816.776,480000,480000,480006,480000
1786976817.056,480005,480005,480000,480000
1786976817.289,480000,480000,480000,480006
1786976817.524,480000,480000,480000,479993
1786976817.766,479988,479994,480000,480000
1786976817.997,480006,480000,480000,480000
1786976818.208,480000,480000,480006,480000
1786976818.444,480000,480000,480000,480000
1786976818.675,480000,480000,480000,480006
1786976818.907,480000,480000,480000,480000
1786976819.123,480000,480000,480000,480000
1786976819.329,480000,479993,480000,480000
1786976819.572,480000,480000,480000,479994
1786976819.802,480000,480000,480000,480000
1786976820.043,480005,480000,480000,479994
1786976820.274,480005,480000,480000,480000
1786976820.508,480000,480000,480000,480000
1786976820.753,480000,480000,479994,480000
1786976821.038,480000,480000,480000,480000
1786976821.274,480000,480000,480000,480000
1786976821.509,480000,480000,480000,480000
1786976821.742,480000,480000,480000,479993
1786976821.972,480000,480000,480006,480006
1786976822.225,480000,480005,480000,480000
1786976822.469,480000,480000,480005,479994
1786976822.692,479994,480000,480006,480000
1786976822.921,480005,480000,479994,480000
1786976823.153,480000,480000,479993,480000
1786976823.388,480000,480000,480000,479993
1786976823.620,480005,479993,479993,480000
1786976823.882,480000,480000,480000,480000
1786976824.144,480000,480000,480006,480000
1786976824.373,479993,480000,480000,480005
1786976824.606,480000,480000,480000,480000
1786976824.883,480000,480000,480000,480000
1786976825.098,480000,480005,480000,480005
1786976825.335,480000,480000,480000,480000
1786976825.578,479993,480006,480000,479993
1786976825.808,480000,480000,480000,480000
1786976826.035,749533,480000,480000,480006
1786976826.200,480000,479994,576346,558104
1786976826.362,480000,480000,480000,480000
1786976826.524,480000,479982,480027,480000
1786976826.688,480000,480000,480000,480000
1786976826.851,480000,480000,480000,480000
1786976827.016,480000,480000,480000,480016
1786976827.177,480000,479994,480000,480000
1786976827.336,480000,480000,480000,480000
1786976827.496,480000,480000,480000,834012
1786976827.659,480000,480000,480000,480000
1786976827.819,480000,480000,480000,480000
1786976827.982,480000,480000,480005,480000
1786976828.147,480005,479994,480000,480000
1786976828.312,480000,480000,480000,480000
1786976828.471,480000,480000,839534,846567
1786976828.633,480000,480000,480000,480000
1786976828.790,480000,480000,480000,1141634
1786976828.951,480000,480000,480000,480000
1786976829.112,480000,480000,480000,480000
1786976829.272,480000,480000,480000,480000
1786976829.437,480000,480000,480000,480000
1786976829.606,480000,480000,1353488,480000
1786976829.769,480000,480000,480000,480000
1786976829.933,480000,480000,480000,480000
1786976830.093,480000,480000,480000,480000
1786976830.255,480000,480000,480000,480000
1786976830.416,480000,480000,718289,842941
1786976830.579,480000,480000,480000,480000
1786976830.745,480000,480000,480000,480000
1786976830.913,480000,480000,480000,480000
1786976831.075,480000,480000,736679,561227
1786976831.238,480006,480000,480000,480000
1786976831.399,480000,480000,480000,707584
1786976831.564,480000,480000,908167,1207187
1786976831.725,480000,480000,480000,480000
1786976831.889,479993,480000,480000,480000
1786976832.055,480000,480000,480000,480000
1786976832.220,480000,501723,480000,480000
1786976832.384,480000,480000,480000,480000
1786976832.546,480000,480000,480000,480000
1786976832.706,480000,480000,540272,480000
1786976832.869,480000,480000,480000,480000
1786976833.031,480000,479950,480000,480000
1786976833.192,480000,480000,593568,977281
1786976833.354,480000,480000,480000,480000
1786976833.521,480000,480000,536711,480000
1786976833.686,480000,624404,1680000,480000
1786976833.850,480000,480000,479994,979875
1786976834.010,480000,480000,480000,480000
1786976834.169,480000,480000,480000,588479
1786976834.329,480000,721918,480000,480000
1786976834.490,480000,480000,480005,480000
1786976834.654,480000,480000,480000,479994
1786976834.820,480005,480000,480000,480000
1786976834.987,480000,480000,479994,480000
1786976835.147,480000,480000,480000,480000
1786976835.304,480000,480000,480000,480000
1786976835.464,480000,480000,484317,987719
1786976835.626,480000,699116,480000,480000
1786976835.789,480000,480000,480000,480000
1786976835.956,480006,480000,480000,480006
1786976836.122,515045,942160,480000,480000
1786976836.282,480000,479994,480000,480000
1786976836.444,480000,514200,480000,480000
1786976836.607,480000,480000,480000,480000
1786976836.769,480000,480000,480000,480000
1786976836.930,480000,480000,480000,480000
1786976837.094,480000,480000,480000,480000
1786976837.256,480000,480000,480000,480000
1786976837.421,480000,480000,480000,851685
1786976837.576,736322,480000,480000,480000
1786976837.738,480000,480000,480000,480000
1786976837.901,480000,480000,480000,480000
1786976838.062,582719,806355,480000,480000
1786976838.224,480000,480000,480000,790443
1786976838.386,480000,480000,480005,480000
1786976838.546,480000,480000,480000,480000
1786976838.710,480000,480006,606207,1214312
1786976838.873,480000,479993,480011,480000
1786976839.034,480000,1179988,480000,480000
1786976839.195,479996,767887,480000,480000
1786976839.360,480000,479993,480000,663052
1786976839.523,1228015,1207958,480000,479980
1786976839.687,480000,480000,487968,480000
1786976839.850,480000,480000,480000,480000
1786976840.026,480000,480000,480000,480000
1786976840.190,480000,480000,940705,1078966
1786976840.353,480000,493209,480000,480000
1786976840.515,1598982,1600019,480000,480000
1786976840.673,480000,679391,480000,480000
1786976840.834,480000,480000,480000,479994
1786976840.997,480000,480000,1264684,480000
1786976841.159,480000,480000,480006,480000
1786976841.325,480010,480000,480000,480000
1786976841.487,480000,480000,595847,680626
1786976841.652,480000,480000,480000,480000
1786976841.814,480000,480000,480000,480000
1786976841.980,480000,480000,480000,480000
1786976842.141,480000,480000,757980,480000
1786976842.304,480000,480000,480000,480000
1786976842.468,480000,480005,480000,480000
1786976842.632,480000,480000,480000,480000
1786976842.795,479993,480000,480000,944589
1786976842.959,480000,480000,480000,480000
1786976843.122,480000,480000,480000,480000
1786976843.284,480000,480000,601811,687434
1786976843.443,480000,479994,480000,721576
1786976843.606,480000,480000,480000,480000
1786976843.769,480000,480000,480010,480000
1786976843.941,479993,480000,480000,480000
1786976844.105,480000,480000,480000,479993
1786976844.265,480000,480000,480000,480000
1786976844.427,480000,480000,480000,480000
1786976844.585,480000,1462183,480000,480000
1786976844.746,480000,480000,480000,480000
1786976844.908,480000,480000,480000,480000
1786976845.067,480000,480000,480000,480000
1786976845.234,480000,480000,480000,480000
1786976845.396,480000,480000,480000,480000
1786976845.556,480000,480000,480000,480000
1786976845.718,479992,480019,480000,480000
1786976845.880,480000,811536,480000,480000
1786976846.044,480000,480000,480000,480000
1786976846.206,480000,480000,480000,480000
1786976846.365,480000,480000,480000,480005
1786976846.531,480000,480000,713683,480000
1786976846.693,480000,480000,904829,480000
1786976846.857,480005,480000,480000,480000
1786976847.020,480000,853999,480000,480000
1786976847.182,480000,480000,480000,480005
1786976847.345,479968,480000,480000,480000
1786976847.510,480000,480000,480000,480000
1786976847.671,480000,480000,480006,480000
1786976847.843,480000,480000,480000,480000
1786976848.005,480000,480000,480000,480000
1786976848.168,480000,480000,958286,856269
1786976848.331,479993,480000,480000,728457
1786976848.493,480000,747170,480000,479994
1786976848.656,480000,816990,480000,479994
1786976848.822,480000,480000,480000,479994
1786976848.988,480000,480000,480000,480000
1786976849.155,480000,480000,480000,480000
1786976849.317,480000,1124908,480000,480005
1786976849.479,480000,480000,480000,480000
1786976849.638,480000,480000,701418,480000
1786976849.798,480000,480000,480000,480000
1786976849.960,480000,480000,480000,480000
1786976850.121,480000,480000,868494,1186009
1786976850.283,480000,479994,480000,480000
1786976850.447,480006,480000,480000,480000
1786976850.608,480000,629567,479993,480000
1786976850.774,480000,508610,479992,480000
1786976850.936,480000,479993,480000,480000
1786976851.099,480000,480000,812975,1319008
1786976851.259,480000,732019,480000,480000
1786976851.414,480000,480000,480000,480000
1786976851.574,480000,480000,480019,480000
1786976851.741,480000,1534626,480000,480000
1786976851.905,480000,937230,480000,480000
1786976852.068,480000,480000,480000,480000
1786976852.231,480005,480000,480014,480000
1786976852.393,480000,480000,480000,480000
1786976852.556,480000,480000,480000,1014832
1786976852.717,479973,480000,480000,480000
1786976852.877,480000,480006,480005,480000
1786976853.043,519560,480000,480000,480015
1786976853.207,480000,480000,479908,480000
1786976853.371,480000,480000,480000,480000
1786976853.529,480000,480000,480000,480020
1786976853.692,480000,604150,480000,480000
1786976853.856,1300043,1390199,480000,480000
1786976854.015,480006,480000,480000,480000
1786976854.179,480000,479993,480000,480000
1786976854.343,480005,480000,856279,1324747
1786976854.506,480000,479993,480000,1237309
1786976854.668,480000,480000,479993,480000
1786976854.825,480000,480000,498378,526267
1786976854.993,480000,480000,480000,729635
1786976855.155,480000,1063194,480000,480000
1786976855.316,480000,480006,480000,562478
1786976855.480,480000,480000,480000,480000
1786976855.646,480000,480000,480000,480000
1786976855.809,480000,479994,480000,480005
1786976855.971,480005,480064,480000,480000
1786976856.133,480000,480000,480000,480000
1786976856.292,480000,480000,480000,841854
1786976856.453,480000,480000,480000,480000
1786976856.615,480000,480000,480000,568163
1786976856.777,480000,480000,480000,480000
1786976856.942,480000,480000,480000,480000
1786976857.105,479993,480000,1219908,1493297
1786976857.268,480000,480000,480000,480000
1786976857.429,480000,480000,480000,480006
1786976857.588,480000,480000,687569,1027722
1786976857.750,480000,480000,480000,480000
1786976857.912,480000,480000,480000,480000
1786976858.072,480000,480000,480006,480000
1786976858.238,480000,479994,480000,480000
1786976858.404,480000,480000,480000,480000
1786976858.559,480000,480005,537308,480000
1786976858.721,480000,480000,480000,775689
1786976858.882,480000,480000,480000,480000
1786976859.040,480000,480000,613516,560620
1786976859.201,480000,480005,480000,480000
1786976859.359,480000,480000,480000,479994
1786976859.522,480000,480000,480000,480000
1786976859.686,480000,480000,742356,480000
1786976859.845,480000,480000,480000,591266
1786976860.009,480000,480000,480000,480000
1786976860.168,480000,480000,480000,480000
1786976860.328,480000,1051281,480000,480000
1786976860.491,480000,480000,480000,480000
1786976860.650,480005,480000,480000,480000
1786976860.814,480000,480000,480000,480000
1786976860.991,480000,480000,575771,1284526
1786976861.152,480000,480000,480000,886543
1786976861.316,480000,479994,480000,480000
1786976861.477,480000,480000,523854,480000
1786976861.629,480000,680361,480000,480006
1786976861.793,480006,480000,480000,480000
1786976861.958,480000,628266,480000,480000
1786976862.120,480000,480006,480000,480000
1786976862.289,480000,480000,480000,480000
1786976862.449,631399,844113,480000,480000
1786976862.607,480000,480000,1020679,734592
1786976862.771,480000,480000,479994,480000
1786976862.931,480000,480000,670064,480010
1786976863.095,480000,480000,480000,480000
1786976863.255,480000,480000,641667,680357
1786976863.416,480005,480000,480000,480000
1786976863.581,480000,480000,530945,743889
1786976863.746,480000,830158,479993,480000
1786976863.907,480000,480000,479994,618418
1786976864.069,480000,772306,480000,480015
1786976864.232,480000,480000,480000,480000
1786976864.394,480000,884960,480000,480000
1786976864.558,480000,480000,480000,480000
1786976864.720,480000,480000,480000,479994
1786976864.884,480000,480000,480000,480000
1786976865.049,480000,479994,480006,480000
1786976865.210,480000,480000,480000,480000
1786976865.369,480000,480000,728062,1344281
1786976865.530,480000,480000,480000,480000
1786976865.693,480000,480000,996421,890028
1786976865.855,480000,480000,524065,1298896
1786976866.019,480000,480000,480000,480000
1786976866.182,480000,480000,480000,480000
1786976866.347,480000,480000,591872,778339
1786976866.510,480000,480000,480000,480000
1786976866.673,479994,480000,480000,480000
1786976866.839,480000,480000,723727,480000
1786976867.003,480000,480000,480000,480000
1786976867.165,480000,480000,480000,994207
1786976867.328,480006,480000,480000,480000
1786976867.491,480000,480000,535234,596453
1786976867.654,480000,480000,480000,856519
1786976867.816,480000,480000,479993,480000
1786976867.985,480000,480000,480000,480000
1786976868.146,480000,480000,480000,480000
1786976868.308,480000,480000,480000,480000
1786976868.470,480000,480000,480000,480006
1786976868.631,480000,480000,480000,480000
1786976868.797,480000,480000,480000,480005
1786976868.962,480000,1229469,480000,480000
1786976869.127,480000,480000,480000,1296842
1786976869.288,480000,480000,1334839,762391
1786976869.451,480000,480000,480000,480000
1786976869.614,480000,1027772,480000,480000
1786976869.776,480000,479993,480000,480000
1786976869.942,480000,480000,479987,480006
1786976870.109,480000,480000,480000,480000
1786976870.271,480000,480000,480000,480000
1786976870.435,480000,480000,480000,480000
1786976870.598,480000,480000,480000,614336
1786976870.758,578135,480000,480000,480000
1786976870.922,480000,480000,480000,480000
1786976871.082,480000,480000,480000,480000
1786976871.245,480000,480000,480000,480000
1786976871.408,480000,480000,480000,480000
1786976871.576,480000,479986,480000,480000
1786976871.737,480000,480000,480004,479994
1786976871.899,479994,480000,480000,480000
1786976872.058,479988,480000,480000,480000
1786976872.219,480000,480000,480000,480000
1786976872.381,480000,480000,480000,972309
1786976872.543,480000,480000,480000,480000
1786976872.708,480000,480000,480000,479993
1786976872.872,480000,480000,480000,480005
1786976873.033,480000,480000,774265,663425
1786976873.194,480000,1199964,480000,480000
1786976873.357,480000,480000,480000,557967
1786976873.520,601314,480000,480000,480005
1786976873.682,480000,480006,1051149,932957
1786976873.845,480000,479993,480000,480000
1786976874.017,480000,480006,480000,480000
1786976874.180,479994,480000,480000,480000
1786976874.342,480000,480000,573521,604437
1786976874.507,480007,480000,480000,480000
1786976874.672,480000,480000,479994,480000
1786976874.831,480000,480000,480000,480000
1786976874.991,480000,480000,739047,480000
1786976875.155,480000,480000,480000,480000
1786976875.321,480000,480000,480000,616832
1786976875.485,480000,480000,480000,999478
1786976875.643,480000,480000,480005,480000
1786976875.804,480000,480006,480000,480000
1786976875.965,480000,480000,480000,1270766
1786976876.127,480000,480000,480000,480000
1786976876.290,1600996,1599979,480000,480006
1786976876.450,480000,480000,480000,480000
1786976876.613,480000,480000,595116,1119463
1786976876.777,480000,480000,480000,480000
1786976876.941,480000,480000,480006,480000
1786976877.105,960631,874153,480000,480000
1786976877.269,480000,693563,480000,480000
1786976877.425,480000,480000,480000,1012048
1786976877.586,480000,480000,480000,480000
1786976877.749,479994,480000,480000,480000
1786976877.915,480000,479993,480000,480000
1786976878.079,480000,480000,480000,479994
1786976878.238,480000,480000,676967,480000
1786976878.401,480000,480000,480000,480000
1786976878.562,480000,572977,480000,480000
1786976878.725,480000,480000,944740,480000
1786976878.886,480000,480000,480000,479993
1786976879.048,479993,480000,480000,480000
1786976879.217,480000,1122710,480000,480000
1786976879.378,480000,480000,480000,760736
1786976879.541,877124,634533,480000,480006
1786976879.704,480000,480000,480000,480000
1786976879.866,480000,480000,480000,480000
1786976880.027,587569,559196,479987,480000
1786976880.191,1599056,1600000,480000,480000
1786976880.349,480000,480000,480000,479993
1786976880.519,480005,480000,480000,480000
1786976880.684,480006,480000,480000,480000
1786976880.850,480000,480000,852943,857245
1786976881.012,480000,941587,480000,480000
1786976881.173,480000,637286,480000,480000
1786976881.335,480000,479993,479994,480000
1786976881.496,480000,480000,480000,733944
1786976881.657,480000,479994,480000,480000
1786976881.827,480000,480000,480000,480006
1786976881.997,480000,480000,480000,480000
1786976882.159,480000,480000,668637,796853
1786976882.321,480000,480000,480000,480000
1786976882.483,480000,480000,480000,863362
1786976882.645,480000,480000,480000,480000
1786976882.806,480000,480000,480000,480000
1786976882.968,480000,480000,480000,480000
1786976883.137,480011,479994,480000,480013
1786976883.300,1600000,1600091,479994,480000
1786976883.461,480000,480036,480000,480000
1786976883.622,480000,480000,479994,480000
1786976883.785,480006,479992,479989,480000
1786976883.952,480006,480000,722414,1115214
1786976884.112,480000,480000,480000,480000
1786976884.273,480000,480006,480000,480000
1786976884.437,480000,480000,480000,479993
1786976884.602,480000,480000,480000,480000
1786976884.753,480000,480005,549533,548463
1786976884.915,480000,480000,480000,480000
1786976885.076,480000,480000,480000,495930
1786976885.240,479994,480000,480000,480000
1786976885.402,480000,480000,480000,480000
1786976885.562,480000,480000,480000,480000
1786976885.725,480000,480006,480000,479993
1786976885.891,480000,809245,480000,479993
1786976886.053,480000,480000,480000,903397
1786976886.215,480000,480000,742997,827081
1786976886.379,480000,480000,480000,1282650
1786976886.542,480000,479993,480013,480005
1786976886.705,480000,480000,547792,846608
1786976886.865,480000,480000,480000,480000
1786976887.030,480000,480000,480000,480000
1786976887.194,480000,479993,735011,822941
1786976887.355,480000,480000,480000,480000
1786976887.519,480000,480000,480000,480000
1786976887.683,480000,480000,480005,480000
1786976887.841,480000,480000,480000,480000
1786976888.004,480000,480000,603134,768214
1786976888.164,480000,641915,480000,480000
1786976888.327,480000,480006,480000,480000
1786976888.493,480000,605720,480000,480000
1786976888.652,480000,480000,480000,831674
1786976888.815,480000,480000,480000,480000
1786976888.982,480000,480000,480000,480000
1786976889.145,480000,479993,966363,480000
1786976889.309,480000,480000,480006,480000
1786976889.472,480000,480000,480000,480000
1786976889.635,480000,480000,480000,480000
1786976889.801,480000,480000,480000,480000
1786976889.964,480000,480000,479993,480000
1786976890.128,480000,896028,480000,480000
1786976890.289,480000,480000,837729,480000
1786976890.452,480000,480000,480000,480000
1786976890.613,480000,480000,480000,479994
1786976890.773,480000,480000,480000,480000
1786976890.938,480000,480006,480000,480000
1786976891.103,480000,480000,480000,821475
1786976891.265,480000,480000,480000,480000
1786976891.430,480000,480000,480000,480000
1786976891.591,480000,480000,480013,480000
1786976891.752,480000,480000,480000,480000
1786976891.912,480000,480000,520808,1048954
1786976892.075,480000,480000,480005,480000
1786976892.239,480000,480000,479994,480000
1786976892.404,480000,480000,480000,480000
1786976892.565,480000,480000,480000,480000
1786976892.727,480000,1191231,480000,480000
1786976892.888,480000,480000,547272,718422
1786976893.049,480000,480000,480000,480000
1786976893.210,480000,480000,673766,480000
1786976893.372,480000,684992,480000,480000
1786976893.533,480005,480005,480000,480000
1786976893.696,480000,480000,480000,480000
1786976893.859,480000,480000,480000,480000
1786976894.021,617932,547947,480000,480000
1786976894.183,480000,480000,480000,876582
1786976894.344,480000,480000,480000,480000
1786976894.505,480000,480000,479993,985421
1786976894.666,480000,480006,480000,479988
1786976894.825,480006,480000,480000,480000
1786976895.002,480000,480006,480000,480000
1786976895.166,480000,480000,480000,480000
1786976895.327,480000,480000,480000,631044
1786976895.490,480000,480000,480000,480000
1786976895.651,480000,480000,726013,480000
1786976895.811,480000,480000,480000,480000
1786976895.976,480000,480000,480000,480000
1786976896.139,480000,479993,480000,480005
1786976896.306,479994,479993,479993,480000
1786976896.469,480000,480000,480000,480000
1786976896.621,480000,480000,480000,480000
1786976896.781,480000,480000,480000,480000
1786976896.944,480000,480000,776090,851577
1786976897.107,480000,480000,480000,480000
1786976897.267,480000,479993,480000,480000
1786976897.427,480005,480000,480000,480000
1786976897.592,1251746,714600,480000,480000
1786976897.755,480000,480000,480000,595782
1786976897.918,991535,1342057,480000,480000
1786976898.081,797898,480000,480000,480000
1786976898.242,479993,480000,550013,594441
1786976898.407,480000,480000,480000,480000
1786976898.568,556548,1364820,480000,480000
1786976898.730,479994,480000,480000,480000
1786976898.897,480000,480000,480000,480005
1786976899.060,480000,1055555,480000,480000
1786976899.223,480000,480000,480000,576106
1786976899.385,480000,480000,480000,480000
1786976899.548,480000,480000,480000,480000
1786976899.710,480000,480000,480000,480000
1786976899.873,480000,480000,480000,480000
1786976900.037,480000,480000,480000,479993
1786976900.203,480000,480000,480000,480006
1786976900.364,480000,480000,703657,480000
1786976900.525,480000,480000,480000,480000
1786976900.687,480000,480000,480000,480000
1786976900.848,480000,480000,824525,480000
1786976901.011,480000,709523,480000,480000
1786976901.173,480000,480000,479993,480000
1786976901.335,480000,480000,480000,480000
1786976901.498,480000,637414,480000,479994
1786976901.662,480000,664671,480000,480000
1786976901.823,480000,1025626,480000,480000
1786976901.987,480000,480000,480000,674562
1786976902.150,480000,480005,480000,480000
1786976902.309,480000,480000,480000,480000
1786976902.471,480000,480000,480000,480000
1786976902.631,480000,480008,479994,480000
1786976902.795,480000,480000,480000,480000
1786976902.961,480000,480000,480000,480000
1786976903.119,480000,480000,746798,980205
1786976903.280,855824,480000,480000,480000
1786976903.442,480000,479994,623270,1280436
1786976903.602,480000,480000,480000,480000
1786976903.765,480000,480000,480000,480000
1786976903.923,479993,480000,480000,480000
1786976904.089,480000,480000,479993,480000
1786976904.256,480000,480000,616822,1150144
1786976904.420,480000,480000,480000,480000
1786976904.583,480000,480000,480000,915564
1786976904.744,480000,480000,480000,480000
1786976904.907,480000,480000,480000,480000
1786976905.070,480000,480000,646689,902779
1786976905.233,480000,480000,480000,480000
1786976905.399,480000,480000,480000,479994
1786976905.562,480000,661525,480000,480000
1786976905.722,480000,480000,480000,480000
1786976905.881,480000,480000,480000,480000
1786976906.042,480000,480000,479993,780079
1786976906.203,480000,580717,479993,480000
1786976906.365,480000,480000,480000,599628
1786976906.527,479993,480000,480005,480000
1786976906.692,480000,480000,480000,480000
1786976906.864,480000,479993,480000,789956
1786976907.023,480000,480000,725283,832209
1786976907.184,480000,480000,480000,480000
1786976907.348,480000,480000,480000,480000
1786976907.512,480000,871326,479993,480000
1786976907.677,588394,943344,480000,480000
1786976907.840,480005,480000,480000,480000
1786976908.007,480000,480000,480000,480000
1786976908.174,480000,480000,480000,480000
1786976908.335,480000,480000,480000,480000
1786976908.495,480006,480000,480000,480000
1786976908.656,480000,480000,480000,480005
1786976908.815,480000,480000,480005,480000
1786976908.979,625127,576258,480000,480000
1786976909.139,480000,480000,746069,1459144
1786976909.305,480000,480005,480000,479993
1786976909.469,480000,480000,480006,480000
1786976909.631,480000,480000,480000,480000
1786976909.793,480000,480000,480000,480000
1786976909.959,1600000,1600000,480000,480000
1786976910.118,480000,480000,480000,480000
1786976910.280,869061,853286,480000,480000
1786976910.441,480000,480000,480000,480000
1786976910.608,480000,480000,480000,480000
1786976910.773,480000,480000,480000,480000
1786976910.937,480000,480000,480000,480000
1786976911.100,480000,480000,480000,1166484
1786976911.264,480000,480000,480000,480015
1786976911.423,480006,480000,480000,480000
1786976911.587,480000,480000,480000,480000
1786976911.748,480000,480000,480000,480000
1786976911.912,480000,480000,480006,480006
1786976912.077,480000,633502,480000,480000
1786976912.236,479993,480000,480000,1491920
1786976912.400,480000,480000,480000,480000
1786976912.561,479986,480000,480000,480000
1786976912.721,480000,480000,480000,480000
1786976912.883,480005,480000,480000,480000
1786976913.046,480000,480000,480000,480000
1786976913.209,480000,480000,480000,480000
1786976913.374,480000,480000,480000,479883
1786976913.534,480000,480000,480000,480000
1786976913.693,480000,480000,679748,480000
1786976913.857,520487,480000,480000,480000
1786976914.017,480000,480000,480000,559518
1786976914.180,480000,1059768,480000,479994
1786976914.343,480000,480000,480000,480000
1786976914.507,480000,480000,480016,480000
1786976914.676,480000,480000,763326,894300
1786976914.844,480000,480000,479967,650324
1786976915.006,480000,480000,480000,480000
1786976915.169,480000,480000,480000,480000
1786976915.331,480000,660282,480000,480000
1786976915.492,480000,480000,740265,1100442
1786976915.654,479993,480000,480000,480000
1786976915.820,480000,480000,480000,480000
1786976915.990,480005,480000,737872,480000
1786976916.152,480000,480000,1121965,1121627
1786976916.313,480000,762032,480000,480000
1786976916.474,480000,479993,480000,480000
1786976916.635,480000,480000,480000,480000
1786976916.796,479994,480000,479988,480000
1786976916.963,480000,480000,480000,480000
1786976917.127,480000,480000,480000,480000
1786976917.297,480000,480000,480000,479993
1786976917.459,480000,480000,603485,1026957
1786976917.622,480000,480000,480000,480000
1786976917.782,480000,480000,480000,480006
1786976917.946,480000,480000,740576,560610
1786976918.107,480000,480000,1600000,1599082
1786976918.269,480005,480000,480000,479993
1786976918.430,480005,480000,480000,480000
1786976918.599,480000,983020,480000,480005
1786976918.760,480000,480000,480000,479993
1786976918.923,480000,480000,480000,480000
1786976919.086,480000,480000,480000,480000
1786976919.249,480000,480000,480000,480000
1786976919.410,681351,480000,479994,480000
1786976919.572,480000,480005,480000,480000
1786976919.735,479994,480000,480005,480000
1786976919.903,480000,496927,480000,480000
1786976920.066,480000,480000,480006,480000
1786976920.230,480000,720694,683228,634203
1786976920.391,480000,712590,480000,480000
1786976920.553,587916,480000,480021,480000
1786976920.717,479994,480000,757496,1131092
1786976920.880,974816,1098181,480000,480000
1786976921.045,480000,586859,480000,480000
1786976921.216,730681,1235738,480000,480005
1786976921.379,480000,480000,604949,480000
1786976921.541,480000,480000,480000,1048159
1786976921.702,480000,480000,480000,480016
1786976921.865,480000,480000,846327,1572275
1786976922.027,480000,480000,480000,693937
1786976922.190,480000,480000,480000,480000
1786976922.353,480000,480000,480005,479993
1786976922.520,480000,480000,644882,806825
1786976922.682,480000,480000,480000,480000
1786976922.842,480000,480000,480000,480000
1786976923.005,480000,480000,578870,1415963
1786976923.165,480000,869011,480000,480000
1786976923.329,480000,480000,480000,480000
1786976923.492,480000,480000,480000,480000
1786976923.655,541269,815327,480000,480000
1786976923.826,816894,480000,480006,480000
1786976923.990,480000,480000,480000,479993
1786976924.151,480000,480020,480000,725977
1786976924.313,673278,480000,480000,479994
1786976924.477,480000,480000,679834,705622
1786976924.638,480000,480000,480000,480000
1786976924.797,480000,480000,479993,480000
1786976924.962,480000,479993,480000,480007
1786976925.128,480000,480000,480000,673382
1786976925.293,480000,480000,480000,480000
1786976925.455,480037,1375940,479993,480000
1786976925.617,480000,480000,480000,479993
1786976925.777,480000,480000,480000,480000
1786976925.940,480000,480000,480000,480000
1786976926.099,480000,479984,480000,480000
1786976926.260,480000,480000,480000,480000
1786976926.427,480000,480000,480000,480000
1786976926.588,480000,1132302,480000,480000
1786976926.751,480000,480000,663440,753144
1786976926.912,480000,480000,480000,480000
1786976927.073,480000,1008923,480000,480000
1786976927.236,480000,480000,480000,480000
1786976927.396,480000,480000,758962,480000
1786976927.558,1402996,1105097,480000,480000
1786976927.727,480005,1190729,480000,480000
1786976927.889,480000,480000,480000,646853
1786976928.051,536868,691052,480000,480000
1786976928.213,480000,480000,1196840,926184
1786976928.373,480000,480000,660096,832154
1786976928.536,479989,480000,480005,480000
1786976928.695,479876,480000,1033867,661025
1786976928.857,480000,479993,480000,479987
1786976929.021,480000,480000,480000,480013
1786976929.184,480000,480006,479994,480000
1786976929.347,480000,480000,480000,480000
1786976929.509,480000,480000,480000,480000
1786976929.669,480000,480000,705816,480000
1786976929.833,480000,480000,480000,480000
1786976929.996,480000,480000,480000,480000
1786976930.160,480000,479993,480000,480000
1786976930.326,480000,480000,479988,480000
1786976930.489,480000,480000,480000,480000
1786976930.649,480000,480000,480000,480000
1786976930.808,480000,480000,480000,480000
1786976930.979,480000,480000,480000,480000
1786976931.139,480000,479994,480000,480000
1786976931.297,480000,651806,480000,480000
1786976931.458,480000,480000,480000,480000
1786976931.627,480000,480000,480000,480000
1786976931.790,480000,480000,639597,1025692
1786976931.961,480000,510886,480000,480000
1786976932.123,480000,480000,480000,480000
1786976932.284,480000,479994,561191,670718
1786976932.446,998249,507340,480000,480000
1786976932.609,480000,480000,737042,838246
1786976932.771,480000,480000,480000,480000
1786976932.941,480000,480000,480000,479994
1786976933.105,480000,480000,675057,856152
1786976933.269,480000,480000,480000,480000
1786976933.428,479994,480000,480000,480000
1786976933.592,480000,480000,480000,480000
1786976933.753,480000,480000,480000,480006
1786976933.913,480000,480000,480000,480000
1786976934.073,480000,480000,480000,480000
1786976934.236,480000,480000,480000,480000
1786976934.400,576200,1321697,480017,480000
1786976934.564,480000,480000,560661,667187
1786976934.725,480000,480000,1599979,1600415
1786976934.885,479993,480000,566030,688897
1786976935.049,480000,480000,708494,1048437
1786976935.209,480000,480000,480000,480000
1786976935.368,480000,480000,480000,480000
1786976935.533,480000,480000,480000,480000
1786976935.698,610963,480000,480000,480000
1786976935.859,480000,480000,480000,480000
1786976936.022,480000,480000,480000,765460
1786976936.183,863397,1079875,480015,480000
1786976936.346,480000,480000,480000,480000
1786976936.508,480000,480000,480000,668228
1786976936.673,480000,480000,480000,480000
1786976936.837,480000,480000,480000,480000
1786976936.994,480000,539064,480000,480000
1786976937.157,480000,480000,480000,743140
1786976937.319,480000,728438,480000,480000
1786976937.481,480000,479954,480000,480000
1786976937.643,480000,480000,480000,562495
1786976937.807,480000,480000,480000,480000
1786976937.970,480000,480000,480000,479978
1786976938.135,480000,480000,538123,984838
1786976938.296,480000,480000,480000,480000
1786976938.455,480000,480000,480000,480000
1786976938.617,480000,480000,480000,888341
1786976938.776,480006,612333,480000,480000
1786976938.936,480000,480000,480000,629528
1786976939.097,479987,479957,480000,479993
1786976939.259,480000,480000,480000,480000
1786976939.427,480000,480000,622191,850281
1786976939.591,480000,480000,480000,480000
1786976939.753,480000,480000,712408,480000
1786976939.915,480000,480000,480000,609977
1786976940.076,480000,480000,480000,480000
1786976940.240,480000,480000,724945,480000
1786976940.402,480000,480000,480000,480000
1786976940.563,480000,480000,480000,480000
1786976940.728,480000,479993,636886,953712
1786976940.882,480000,480000,480000,480000
1786976941.041,480000,480000,480000,480000
1786976941.202,480000,480000,480000,1544417
1786976941.364,580079,1084678,480000,480000
1786976941.526,480000,480000,480000,480000
1786976941.687,480000,480000,480000,480000
1786976941.849,480000,480005,480000,480006
1786976942.016,480000,480000,480000,480000
1786976942.178,480000,480006,480005,480000
1786976942.337,480000,480000,480000,480000
1786976942.498,480000,480000,772827,853777
1786976942.659,480000,851521,480014,480000
1786976942.819,480000,480000,480006,480000
1786976942.982,480000,480000,480000,480000
1786976943.142,480005,479994,480006,480000
1786976943.306,480006,480000,480000,480000
1786976943.471,480000,480000,480000,480000
1786976943.632,640072,537774,480000,480000
1786976943.794,480000,480005,480000,480000
1786976943.960,480000,479993,480000,479993
1786976944.122,480000,480000,480000,480000
1786976944.283,480000,480000,480000,480000
1786976944.443,480000,480000,480000,480000
1786976944.609,480000,480000,480000,480000
1786976944.779,524559,786022,480000,480000
1786976944.943,573909,479953,480000,480000
1786976945.106,480000,480000,731482,1105117
1786976945.267,492297,853364,480000,480000
1786976945.432,595032,566141,480000,480000
1786976945.586,480000,480000,480000,841474
1786976945.749,480000,480000,480000,480000
1786976945.918,480000,780098,480000,480000
1786976946.088,480000,480000,767323,799666
1786976946.249,480000,480000,480000,480000
1786976946.414,480000,480000,480005,480000
1786976946.575,480006,480000,480000,480000
1786976946.735,480000,479985,480000,480000
1786976946.895,480000,480000,480000,480000
1786976947.057,480000,480005,480000,480000
1786976947.222,480000,480000,480000,480000
1786976947.388,882545,616942,480000,480000
1786976947.549,480000,480000,480000,652462
1786976947.710,480005,480000,480000,480000
1786976947.872,480000,480000,480000,480000
1786976948.032,480000,480000,480000,1111011
1786976948.193,480000,996113,479994,480000
1786976948.355,480000,480000,480000,480000
1786976948.521,479993,480000,480005,479994
1786976948.687,480000,541201,480000,480000
1786976948.848,480006,480000,606041,755432
1786976949.011,480000,708482,480000,480000
1786976949.174,480000,480000,480000,480000
1786976949.334,480000,480000,523069,667234
1786976949.497,1248189,660915,480000,480000
1786976949.659,480000,480000,708662,480000
1786976949.824,480000,480000,480005,480000
1786976950.001,480000,538336,480000,479994
1786976950.162,480000,480000,480000,480000
1786976950.326,480000,480000,480000,480000
1786976950.486,480000,480000,479993,480000
1786976950.646,480000,480006,480000,480000
1786976950.808,480000,480000,480000,480000
1786976950.971,480000,480000,480000,480000
1786976951.135,480000,479993,480000,480000
1786976951.301,479994,480000,548019,480000
1786976951.464,480000,480000,480000,480000
1786976951.627,638673,833221,480000,480000
1786976951.789,480000,480000,480000,480000
1786976951.954,480000,480000,480000,810008
1786976952.117,480005,480000,480000,480000
1786976952.277,480000,480000,631569,854916
1786976952.438,480000,480000,479994,480000
1786976952.605,480000,480000,480000,1004167
1786976952.768,480000,480000,480000,480000
1786976952.929,479977,480000,480000,480000
1786976953.092,480000,480000,480000,894504
1786976953.255,480000,480000,480000,480000
1786976953.413,480000,480000,480000,480013
1786976953.575,480000,480006,760972,1254933
1786976953.739,480000,480000,480000,480012
1786976953.905,480000,480000,480000,480000
1786976954.067,480000,480000,480000,479993
1786976954.229,480000,480000,480000,480000
1786976954.394,480000,480000,723098,480000
1786976954.556,480000,1224473,480000,480000
1786976954.722,480000,480000,480000,480000
1786976954.886,480000,480006,480000,480000
1786976955.050,480000,480006,480000,480000
1786976955.217,480000,480000,480000,637058
1786976955.380,480000,1000725,480000,480000
1786976955.541,480006,480000,480000,658501
1786976955.703,480000,480000,563913,480000
1786976955.857,480000,480000,480000,480000
1786976956.019,480000,480000,480000,480000
1786976956.180,480000,480000,593928,819126
1786976956.341,480006,479993,480000,480000
1786976956.505,651694,1079709,480000,480000
1786976956.670,480000,480000,480000,480000
1786976956.832,480000,480000,580519,1211667
1786976956.996,480000,480000,480000,480000
1786976957.161,480000,480000,480000,480000
1786976957.325,480000,480010,480000,572431
1786976957.488,480000,818334,480000,479993
1786976957.649,480000,480000,480000,480000
1786976957.817,480000,479994,1163493,1107086
1786976957.984,480000,480000,480000,587184
1786976958.147,480000,480000,480000,863503
1786976958.309,480000,480000,480000,480000
1786976958.472,480000,766061,480000,480000
1786976958.635,480000,480000,480000,756289
1786976958.795,480006,479986,479994,480000
1786976958.960,480000,480000,480000,479994
1786976959.128,480000,480000,689941,637008
1786976959.290,480000,480000,825734,565540
1786976959.448,480000,500517,480000,480000
1786976959.610,480000,480000,480000,480000
1786976959.772,896457,1500512,480000,480000
1786976959.935,480000,480000,480000,480000
1786976960.097,480000,480000,480000,480000
1786976960.257,480000,480000,480005,480000
1786976960.412,480000,480000,480000,480000
1786976960.573,480000,480000,667235,666970
1786976960.736,567173,944007,480000,480000
1786976960.897,480000,480000,480000,480000
1786976961.051,480000,480000,480000,480000
1786976961.209,480000,480000,480000,480000
1786976961.371,480000,480000,480000,543831
1786976961.532,480006,480000,480000,480000
1786976961.698,480005,480000,480000,480000
1786976961.862,480000,480000,480000,732695
1786976962.024,480000,480000,678178,855915
1786976962.187,480000,480000,480000,480000
1786976962.350,480000,480000,628626,971871
1786976962.514,480000,480000,480000,480000
1786976962.676,480000,480000,480000,480000
1786976962.840,480000,479993,480000,480000
1786976963.015,480000,887051,480000,480000
1786976963.180,480000,480000,480000,480016
1786976963.342,480000,480000,605912,647191
1786976963.503,1129196,479993,479994,480000
1786976963.664,480000,480000,584234,770027
1786976963.825,480000,479982,480000,480000
1786976963.989,480000,679610,480000,480000
1786976964.152,480000,480000,480000,479994
1786976964.317,480000,480000,480000,480000
1786976964.482,480000,480000,1600000,1599979
1786976964.642,480000,479993,638971,480000
1786976964.803,480000,480000,480000,480000
1786976964.973,696650,660241,480000,480000
1786976965.134,480000,480005,480000,480000
1786976965.297,479994,480000,480000,480000
1786976965.459,479993,480000,480000,480000
1786976965.623,480000,480000,480000,480000
1786976965.788,480000,480000,480000,1194993
1786976965.951,480000,480000,480000,480000
1786976966.114,480000,480005,480000,480000
1786976966.272,480000,852755,480000,480000
1786976966.435,480000,480000,479994,480000
1786976966.593,480000,754208,480000,480000
1786976966.753,480005,480000,479994,480013
1786976966.920,479994,480000,480000,480000
1786976967.086,480000,480000,1016881,1189912
1786976967.248,480000,530268,480015,480006
1786976967.410,480000,480000,480000,480000
1786976967.573,930827,1405359,480000,480000
1786976967.735,480006,480000,480000,480000
1786976967.897,480000,480000,480000,480000
1786976968.056,832554,650147,480000,480000
1786976968.221,480000,480010,480000,480000
1786976968.388,480000,480000,480000,480000
1786976968.550,480000,480000,737053,479993
1786976968.712,611324,526098,480000,479989
1786976968.874,480000,480000,480000,480000
1786976969.038,650104,618033,480000,479994
1786976969.200,480006,480000,480000,711236
1786976969.363,816113,900015,480000,480000
1786976969.527,480000,480000,480000,480000
1786976969.696,479993,480000,480000,811615
1786976969.858,479994,480000,479994,479993
1786976970.016,480000,480000,480000,480000
1786976970.172,479994,480000,480000,816237
1786976970.334,480000,480000,480005,480000
1786976970.494,480000,915015,480000,480000
1786976970.655,480000,480000,480000,480000
1786976970.820,480000,480000,480000,480000
1786976970.991,480000,480000,480000,480000
1786976971.153,480000,480000,480000,480000
1786976971.313,480000,480000,730514,480000
1786976971.478,480000,480000,480000,480000
1786976971.640,480000,480000,601362,1074139
1786976971.802,480000,480000,480000,480000
1786976971.968,480000,480000,480000,480000
1786976972.130,480000,480000,480000,480000
1786976972.295,480000,480000,480000,480000
1786976972.458,480000,480000,480000,480000
1786976972.620,479993,480000,479982,480000
1786976972.784,480000,480000,480000,480000
1786976972.947,480000,615664,480006,480000
1786976973.110,480000,480000,480000,587423
1786976973.271,480000,480000,712066,1187783
1786976973.434,480000,480000,480000,480000
1786976973.602,480000,480000,480000,480000
1786976973.765,832093,848832,480000,480000
1786976973.928,480000,480000,480000,536323
1786976974.093,480000,480000,480037,480000
1786976974.254,480000,480000,480000,480000
1786976974.416,480000,480000,480000,480000
1786976974.580,480000,480000,480000,480000
1786976974.743,480005,480000,480000,480000
1786976974.908,480000,480000,480000,480000
1786976975.073,480000,480000,480000,480000
1786976975.235,480000,480000,480000,561656
1786976975.397,480000,480000,480000,480000
1786976975.559,480000,480000,480000,480000
1786976975.722,480000,480000,480000,480000
1786976975.884,480005,480000,653297,480000
1786976976.045,480000,480000,480000,480005
1786976976.212,480000,479990,480000,480000
1786976976.373,480000,480000,480000,480000
1786976976.535,480000,480000,480000,480000
1786976976.697,480000,480006,480000,480000
1786976976.857,480000,480000,480000,599367
1786976977.014,480000,480000,480000,480000
1786976977.175,480000,480000,480000,924818
1786976977.339,480000,480000,480000,480000
1786976977.503,479993,480000,480000,479993
1786976977.668,480000,480000,577986,1353106
1786976977.827,480000,480000,480000,480000
1786976977.989,480000,480000,480000,480000
1786976978.150,480000,480000,480000,480000
1786976978.311,480000,480000,693641,977041
1786976978.473,825449,480000,480000,480000
1786976978.638,480000,480000,480000,480000
1786976978.801,480000,480000,480000,480000
1786976978.973,480000,480000,480000,480000
1786976979.130,480000,480000,600509,480000
1786976979.294,480000,480000,480005,480000
1786976979.454,480000,480006,480000,480000
1786976979.615,480000,480000,480000,480000
1786976979.777,480006,480000,480000,480000
1786976979.941,480006,480000,480005,480000
1786976980.105,480000,480000,480000,480000
1786976980.269,480000,480000,682200,1273565
1786976980.433,480000,480000,1600000,1600000
1786976980.593,480000,480000,480000,480000
1786976980.755,480000,480000,480000,521475
1786976980.916,533624,980185,480000,480000
1786976981.080,480000,480000,594196,606180
1786976981.245,480000,480000,480000,480000
1786976981.410,480000,1099497,480000,480000
1786976981.575,643237,1149549,480000,480000
1786976981.738,480000,480000,479993,480000
1786976981.897,480000,480000,480000,799978
1786976982.058,480000,480000,480000,480000
1786976982.217,480000,480000,480000,480000
1786976982.378,480000,982851,480000,480000
1786976982.542,479993,480000,480000,480000
1786976982.707,480000,480000,480005,480000
1786976982.868,480000,480000,480005,480000
1786976983.031,480000,480000,480000,837520
1786976983.193,480000,1031951,480000,876510
1786976983.357,480000,479993,813185,736970
1786976983.520,480000,480000,480000,480000
1786976983.682,480000,480000,479994,480000
1786976983.843,480000,480000,480000,480000
1786976984.017,480000,480000,601341,646353
1786976984.180,480000,480000,480000,500804
1786976984.343,480000,910801,480000,480000
1786976984.506,480000,480000,480000,480000
1786976984.669,480000,480005,480000,814700
1786976984.828,480000,480000,480000,480000
1786976984.990,480006,480000,587156,612058
1786976985.153,480000,480000,480000,480000
1786976985.318,480000,480000,480000,480000
1786976985.482,480000,480000,480000,717993
1786976985.644,480000,480000,479993,480000
1786976985.803,480000,480000,480000,480000
1786976985.967,480000,480000,480000,480000
1786976986.129,479994,480000,480000,480000
1786976986.291,480000,480000,630956,682434
1786976986.454,480000,480000,480000,480000
1786976986.621,479994,480000,1281320,1131967
1786976986.784,480000,696582,480000,480000
1786976986.946,480000,480000,480000,889294
1786976987.110,480000,480000,601964,480000
1786976987.273,480000,480000,480000,480000
1786976987.435,479946,480005,480000,480000
1786976987.597,940007,1025669,480000,480000
1786976987.759,480000,480000,480000,480000
1786976987.925,480000,480000,480000,479993
1786976988.088,480000,480000,480000,480000
1786976988.247,545947,524856,480000,480000
1786976988.409,480000,480000,480000,480000
1786976988.571,480000,480000,480000,480000
1786976988.731,479993,480000,479994,480011
1786976988.894,480000,608455,480000,480000
1786976989.053,480000,480000,480000,480000
1786976989.217,480000,480000,480000,480000
1786976989.380,480000,480000,480000,480000
1786976989.542,480000,480000,562313,560559
1786976989.703,480000,480000,480000,480000
1786976989.863,480000,480000,480000,480000
1786976990.025,480000,480000,480000,480000
1786976990.184,480000,480000,480005,480000
1786976990.344,480000,480000,965474,756167
1786976990.506,480000,480000,480000,480000
1786976990.673,480000,480000,480000,480000
1786976990.835,480000,480006,480000,480000
1786976991.000,480000,479993,627079,480000
1786976991.156,480000,480000,480000,480000
1786976991.316,480000,480000,584842,902293
1786976991.476,480006,859743,480000,480000
1786976991.636,480000,480000,635862,968452
1786976991.798,480000,480000,480000,480000
1786976991.975,480005,480000,480000,480000
1786976992.140,480000,480000,480063,480000
1786976992.302,480000,480000,479976,480000
1786976992.461,480000,480000,480000,480000
1786976992.623,480000,480000,480000,479994
1786976992.782,480000,480000,480000,1167720
1786976992.946,480000,480000,480000,768378
1786976993.108,480000,480000,480000,480000
1786976993.273,480000,480000,480000,480000
1786976993.437,715056,702942,480000,480005
1786976993.598,480000,480000,480000,480000
1786976993.758,480000,480000,480000,480000
1786976993.921,480000,480000,479986,480000
1786976994.084,480000,480005,480000,480000
1786976994.242,480000,480000,480000,782825
1786976994.405,480000,480000,480000,480000
1786976994.569,480000,480000,480000,480000
1786976994.732,480000,480000,480000,480000
1786976994.893,480000,480000,480000,480000
1786976995.054,480000,480000,480000,480000
1786976995.214,656872,843084,480000,480005
1786976995.373,480000,480000,480006,480000
1786976995.537,480000,480000,480000,480000
1786976995.698,480006,480000,480000,480000
1786976995.863,480000,480000,480000,480000
1786976996.026,480000,479993,480000,480005
1786976996.189,479993,480000,480000,480000
1786976996.351,479993,480000,480000,480000
1786976996.512,480000,480000,479993,480000
1786976996.674,480000,480000,480000,774723
1786976996.835,480000,480000,480000,480000
1786976996.998,479994,480000,480000,480000
1786976997.163,480000,480000,480000,480006
1786976997.326,480000,1163730,480000,480000
1786976997.489,479994,480000,480000,480000
1786976997.651,480000,480000,480011,480000
1786976997.812,480000,480000,480000,480000
1786976997.979,1049912,1278723,480000,480000
1786976998.143,480000,480005,480000,810837
1786976998.307,480000,480000,480000,480005
1786976998.473,480000,480000,480000,479993
1786976998.635,1599980,1600000,480000,480000
1786976998.796,480000,480000,480000,480000
1786976998.960,480000,480000,480000,1043437
1786976999.122,480000,479993,480000,569402
1786976999.285,480000,480000,480000,480000
1786976999.446,480000,634143,480000,480000
1786976999.607,480000,480000,480000,480000
1786976999.773,480000,480000,480000,480000
1786976999.935,479979,480000,480000,480000
1786977000.097,480000,480000,683416,609350
1786977000.258,480000,480000,480000,1030805
1786977000.420,480000,480000,480000,479994
1786977000.581,480000,480000,480000,480000
1786977000.741,480000,480000,480000,480000
1786977000.903,480000,480000,479993,480000
1786977001.067,480000,480006,479983,480000
1786977001.230,480000,480000,480000,480000
1786977001.393,480000,480000,480000,480000
1786977001.555,480000,480000,479993,480000
1786977001.718,480000,480000,480000,480000
1786977001.880,480000,480005,545678,480000
1786977002.041,480000,480000,480000,480000
1786977002.201,480005,480006,480000,480000
1786977002.369,480000,480000,480000,762581
1786977002.533,480000,480000,480000,479993
1786977002.697,480000,480000,480000,749541
1786977002.858,480000,480000,480000,717162
1786977003.021,480000,480000,572056,480000
1786977003.184,480000,480000,480000,480000
1786977003.345,480000,638839,480000,480000
1786977003.509,480000,480000,480000,480000
1786977003.675,480000,480009,480000,480000
1786977003.838,480000,480000,480000,1192899
1786977004.001,480000,480000,480000,480000
1786977004.160,480000,480000,480000,480000
1786977004.321,480000,480000,480000,480000
1786977004.482,480000,480000,532650,590860
1786977004.643,480000,808601,480000,480000
1786977004.807,480000,480000,480000,480000
1786977004.982,480000,480000,480000,480000
1786977005.150,480000,480000,480000,480000
1786977005.305,480000,480006,480000,1330929
1786977005.469,1074268,937689,480000,480006
1786977005.632,480000,480000,480000,480000
1786977005.794,479958,768579,480000,480000
1786977005.960,480000,480000,480000,480000
1786977006.120,480000,479993,479993,480000
1786977006.283,480000,480000,480000,480000
1786977006.448,480000,480000,1286956,479993
1786977006.611,480000,522428,480000,480000
1786977006.773,480000,480000,480000,480006
1786977006.935,480000,479993,480000,770152
1786977007.095,535594,480000,480016,479993
1786977007.256,480000,480000,480000,479993
1786977007.417,480000,480000,480000,480000
1786977007.581,480000,480000,480000,480000
1786977007.746,480000,480000,945012,480000
1786977007.907,1337042,856800,480000,480000
1786977008.069,480000,480000,479991,480000
1786977008.230,480000,480000,603859,479993
1786977008.395,480000,479993,480000,480000
1786977008.556,479994,480000,480000,714948
1786977008.718,480000,480000,585618,628401
1786977008.885,480000,480000,479993,480000
1786977009.051,480005,480033,731093,480000
1786977009.210,588983,1540159,479994,480000
1786977009.372,480000,480000,480006,480000
1786977009.534,480000,480000,480000,480000
1786977009.695,480000,480000,480000,480000
1786977009.860,480000,480000,479992,480000
1786977010.021,480000,479994,480000,480000
1786977010.186,479993,480005,480000,480013
1786977010.357,480000,480000,480000,480000
1786977010.518,480000,480000,480000,480000
1786977010.677,480000,480000,480000,480000
1786977010.840,479993,480000,480000,525519
1786977011.005,480000,480000,480000,480000
1786977011.167,480000,480000,480000,480000
1786977011.329,480000,480000,479994,480000
1786977011.491,479983,480000,480000,480000
1786977011.662,479981,479993,480000,480000
1786977011.823,480000,480000,480000,480000
1786977011.988,728092,912840,480006,480000
1786977012.150,480000,480000,480000,480000
1786977012.311,480000,480000,480000,991458
1786977012.471,480000,480000,479994,480000
1786977012.628,480000,480000,480000,480000
1786977012.789,480000,480000,480000,480000
1786977012.963,480000,480000,480000,480000
1786977013.125,480000,894845,480000,480000
1786977013.288,480000,480000,480000,480000
1786977013.449,651932,1042802,480000,480000
1786977013.611,480000,480000,1022020,480000
1786977013.774,480000,480000,480017,480000
1786977013.936,480000,480006,479994,480000
1786977014.099,480000,480000,480006,480000
1786977014.265,480000,480000,480000,480000
1786977014.424,480000,480000,744954,1320314
1786977014.588,480000,480000,728915,901785
1786977014.749,480000,719673,480000,480005
1786977014.916,480005,480000,480000,794140
1786977015.081,480000,480000,480000,480000
1786977015.240,480000,480000,480000,480000
1786977015.403,479994,480000,480000,480000
1786977015.570,480000,480000,480000,605126
1786977015.733,480000,480006,480000,480000
1786977015.894,480000,480000,480000,802060
1786977016.056,480000,480000,480000,480000
1786977016.217,480000,480068,480000,480000
1786977016.378,617129,1120161,480000,480000
1786977016.541,480020,480006,480000,548893
1786977016.702,480000,480000,480000,480005
1786977016.871,480000,480000,615726,645968
1786977017.033,480000,480000,480000,480000
1786977017.198,480000,480000,917211,940456
1786977017.358,480000,480000,480000,739163
1786977017.520,479987,480000,480000,480000
1786977017.682,480000,480000,480000,480000
1786977017.843,480000,807415,480000,480000
1786977018.006,480000,480000,480000,480000
1786977018.184,480000,480000,480010,480000
1786977018.346,480000,480000,480000,869275
1786977018.509,480000,480000,480000,480000
1786977018.672,480000,558548,480000,480000
1786977018.834,480000,480000,480000,480000
1786977018.999,479993,480000,480000,697481
1786977019.163,710268,1003531,480006,480000
1786977019.325,480000,480000,480000,480000
1786977019.490,480000,480000,480005,480000
1786977019.652,480000,533018,480000,480000
1786977019.814,480000,480000,480000,480000
1786977019.977,480000,480000,480000,480000
1786977020.140,480000,480000,480000,480000
1786977020.303,480000,480000,480000,480000
1786977020.466,480000,480000,682080,480000
1786977020.631,480000,480000,480000,480000
1786977020.794,480000,480000,480000,480000
1786977020.962,480000,480000,480000,941154
1786977021.127,480000,480000,480000,983974
1786977021.290,480000,480000,479973,532316
1786977021.452,480000,480000,480000,480000
1786977021.613,480000,480000,480000,479993
1786977021.776,480000,480000,480007,480006
1786977021.940,480000,480005,480000,480006
1786977022.105,480041,480000,480000,480000
1786977022.266,624532,752522,480000,480000
1786977022.429,480000,479993,480000,480000
1786977022.591,480000,480000,480000,480000
1786977022.751,480000,479994,589510,625136
1786977022.913,596641,642222,480000,480000
1786977023.076,480000,480000,480000,480000
1786977023.235,480000,480000,480000,480006
1786977023.407,480000,480000,480000,480000
1786977023.568,480000,820564,480000,480000
1786977023.731,480000,480000,480000,480000
1786977023.892,480005,480000,700340,480000
1786977024.053,817036,1098595,479994,480000
1786977024.214,480000,480000,480017,480000
1786977024.370,668312,480000,480000,480000
1786977024.532,480000,480000,480000,480000
1786977024.695,480005,480000,598584,1054244
1786977024.858,480000,480000,480000,480000
1786977025.019,479993,480000,480000,511241
1786977025.180,480000,480000,480000,480000
1786977025.340,480000,480000,480000,479939
1786977025.502,480000,480000,480000,480000
1786977025.663,480000,480000,480000,480000
1786977025.823,480000,480000,480000,480000
1786977025.998,480000,480000,480000,480006
1786977026.161,480000,480000,618139,523562
1786977026.322,480000,480000,480000,480000
1786977026.483,696434,480000,480000,480006
1786977026.644,480000,480000,748129,841462
1786977026.806,480000,480000,480000,480000
1786977026.969,480000,480006,480000,480000
1786977027.130,480000,480000,480000,480000
1786977027.295,480000,480000,480000,480000
1786977027.457,480000,480000,480000,480000
1786977027.619,479969,480000,561312,926056
1786977027.782,480000,480000,1599812,1600000
1786977027.948,480000,480000,480000,480000
1786977028.111,480000,480000,812418,480000
1786977028.274,480000,480000,480000,480000
1786977028.436,480000,479994,480000,480000
1786977028.603,480000,480025,480000,480000
1786977028.767,480000,480000,480000,480000
1786977028.930,480000,480000,480000,480000
1786977029.092,480000,480000,720448,1285428
1786977029.253,480000,480000,479994,480000
1786977029.412,1293616,480000,480000,480000
1786977029.576,480000,480000,1072041,813444
1786977029.738,480000,480000,480000,480000
1786977029.905,480000,480000,558036,664768
1786977030.069,480000,480000,480000,570302
1786977030.232,480005,480000,480000,690219
1786977030.395,574184,1097155,480000,480000
1786977030.559,480000,480000,480000,480000
1786977030.723,480000,480000,480000,582829
1786977030.885,480000,480000,480000,480000
1786977031.046,480000,480000,480000,480000
1786977031.213,480000,527603,480000,480006
1786977031.377,480000,480000,480000,480000
1786977031.541,480000,570834,480000,480000
1786977031.704,480000,480000,480000,480000
1786977031.865,480000,480000,480000,480000
1786977032.028,693699,712750,480005,480000
1786977032.191,480000,480000,480000,619141
1786977032.351,480000,480000,480000,480000
1786977032.516,480000,480000,599369,659763
1786977032.680,480000,865425,480000,480000
1786977032.839,480000,480000,480000,480000
1786977033.002,480000,544122,480000,480000
1786977033.161,480000,480000,480000,690087
1786977033.320,480000,480006,480000,781405
1786977033.483,480000,480000,727512,480000
1786977033.645,480000,480000,480000,480005
1786977033.813,480000,480000,480000,480000
1786977033.983,480000,480000,480000,480000
1786977034.147,480000,480000,678673,1057312
1786977034.309,480000,480000,480000,480000
1786977034.472,480000,480000,480006,479994
1786977034.634,480000,480000,480000,480000
1786977034.795,480000,479940,480000,480000
1786977034.959,480000,480000,480000,480000
1786977035.125,480000,480000,741137,834924
1786977035.290,480000,480000,480000,480000
1786977035.453,480000,902279,480000,480005
1786977035.616,480000,480000,480000,480000
1786977035.778,480000,480000,479988,479994
1786977035.945,480000,480000,480000,480006
1786977036.106,480000,480000,563257,662722
1786977036.271,480000,480000,480000,479994
1786977036.439,480000,480000,480000,480005
1786977036.603,480000,480000,480000,480000
1786977036.765,480000,480008,1306623,1468311
1786977036.927,480000,480000,480000,480000
1786977037.087,480000,642457,480006,480000
1786977037.249,480000,480000,480000,480000
1786977037.408,480000,479993,480000,627063
1786977037.567,480000,480006,479993,480000
1786977037.732,480000,480000,480000,480000
1786977037.897,480000,480000,480000,480000
1786977038.059,480000,480005,480000,480000
1786977038.223,672268,480000,480000,480000
1786977038.383,480006,480000,480000,479933
1786977038.545,480000,480000,480000,480000
1786977038.699,480000,480000,480000,480000
1786977038.860,480006,480000,480000,480000
1786977039.026,480000,480000,480000,480000
1786977039.196,659001,635148,480000,480000
1786977039.356,480000,480000,480000,480000
1786977039.518,480000,480000,1117880,1180691
1786977039.680,480000,480000,480000,480000
1786977039.842,480000,927679,480000,480000
1786977040.004,480000,480000,539282,878442
1786977040.167,479993,480000,480000,480000
1786977040.333,480000,480000,480000,480008
1786977040.498,480000,480000,651174,786664
1786977040.661,480000,480000,480000,480000
1786977040.821,480000,480000,480000,480000
1786977040.984,480000,480000,480000,480000
1786977041.144,480000,480000,480000,480000
1786977041.306,480000,480000,480000,480000
1786977041.466,480000,480000,480000,480000
1786977041.627,480000,480005,480000,480000
1786977041.792,480000,480000,479994,480000
1786977041.957,480000,480000,480000,479993
1786977042.118,480000,1537373,480000,480000
1786977042.281,480000,480000,701220,480000
1786977042.445,480000,480006,731957,480000
1786977042.608,480006,480000,480000,480000
1786977042.768,479994,480000,480000,480000
1786977042.928,480000,480000,480000,480000
1786977043.092,480000,480000,479994,480000
1786977043.255,480000,970489,480000,480000
1786977043.416,480000,479994,480000,480000
1786977043.573,480000,480000,480000,480000
1786977043.733,480000,480000,677625,666524
1786977043.896,480000,480000,480000,733551
1786977044.057,480000,480000,480000,480000
1786977044.217,480000,480000,480000,480000
1786977044.382,480000,480000,480000,479994
1786977044.544,480000,480000,480000,480000
1786977044.704,480000,480000,480000,480000
1786977044.865,647222,1468371,480000,480000
1786977045.028,480000,480000,480000,480000
1786977045.188,480000,480000,480000,480000
1786977045.350,480000,480000,600253,480000
1786977045.511,480000,480000,480000,479994
1786977045.677,480000,480000,480000,480000
1786977045.844,480000,479994,480000,480000
1786977046.007,573766,480000,480000,480000
1786977046.169,480000,480006,480000,653542
1786977046.332,480000,480000,480000,618238
1786977046.495,480000,480000,480000,480000
1786977046.657,480000,480000,480000,480000
1786977046.823,480000,480000,480000,480000
1786977046.996,480005,480000,480000,480000
1786977047.160,480000,479994,575302,1054196
1786977047.322,479943,502272,480000,480000
1786977047.484,480000,480000,480005,480000
1786977047.644,480000,480000,480000,480000
1786977047.802,479993,479988,480000,480000
1786977047.966,480000,740844,480000,480000
1786977048.132,479993,480000,480005,480000
1786977048.294,480000,479994,480000,480000
1786977048.458,479946,480000,480000,480000
1786977048.620,479917,480000,480000,552900
1786977048.782,480000,480000,479994,479993
1786977048.943,480000,480000,480000,480019
1786977049.104,480000,480000,758458,852441
1786977049.268,480000,480000,480000,480000
1786977049.431,480000,480000,480006,480000
1786977049.595,480000,480000,479993,480000
1786977049.760,479993,480000,548373,1468591
1786977049.923,480000,480007,480000,480000
1786977050.085,480000,480000,480000,480000
1786977050.247,480000,480000,480000,480000
1786977050.408,480000,480000,480000,480000
1786977050.570,480000,480000,480000,480000
1786977050.730,480000,480000,480000,480000
1786977050.895,480000,480000,480000,480000
1786977051.056,480000,480000,480000,480000
1786977051.219,692224,763624,480006,480000
1786977051.381,480000,480000,589008,620844
1786977051.544,480000,479979,480000,480000
1786977051.704,480000,480000,480000,528055
1786977051.865,480000,480000,479994,480000
1786977052.028,480000,480000,480000,480000
1786977052.194,480000,480000,480000,480000
1786977052.355,480000,480000,602404,796242
1786977052.518,480000,480000,480000,480000
1786977052.679,480000,480000,480000,480000
1786977052.844,480000,479994,480000,1020303
1786977053.004,480000,480000,480000,480000
1786977053.167,480006,480000,479994,480000
1786977053.329,480005,480000,480000,480000
1786977053.494,480000,480000,480000,480000
1786977053.657,480000,480000,480000,480000
1786977053.818,479991,480000,480000,480000
1786977053.980,480000,480006,583637,691764
1786977054.143,480000,480000,596517,587995
1786977054.305,480000,1085437,480000,480000
1786977054.467,480000,1270564,480000,480000
1786977054.628,479994,480000,480000,480000
1786977054.793,480000,480000,480000,480000
1786977054.960,778558,1049196,480000,480000
1786977055.123,480000,480000,480000,480016
1786977055.285,480000,1165844,480000,480000
1786977055.450,480000,479994,480000,864813
1786977055.612,759223,898928,479993,480000
1786977055.775,480000,480000,480000,480000
1786977055.939,480000,480000,480000,480000
1786977056.104,480000,480005,737047,925595
1786977056.267,480000,480000,480000,480000
1786977056.430,480000,479994,480000,480000
1786977056.591,624275,863349,479993,480000
1786977056.748,480000,479994,480000,814423
1786977056.908,480000,479993,480000,480000
1786977057.068,479993,480000,479962,480000
1786977057.229,480000,480000,480000,480000
1786977057.398,480000,655268,480000,480000
1786977057.558,480000,705506,480000,480000
1786977057.720,480005,480000,480000,640902
1786977057.883,480000,480000,480000,480000
1786977058.044,480006,480000,806891,645111
1786977058.205,480000,763811,480000,480000
1786977058.366,480000,480000,775747,480000
1786977058.526,480000,480000,480000,480000
1786977058.691,480000,480000,480000,480000
1786977058.853,480000,480000,479994,480000
1786977059.017,527601,480000,480000,480000
1786977059.181,480000,480000,480000,569423
1786977059.343,480000,480000,480000,480000
1786977059.504,480000,480000,480000,480000
1786977059.666,480000,480000,480000,480000
1786977059.828,480000,480000,480000,480000
1786977059.999,480000,480000,480000,480000
1786977060.161,480000,783233,480000,480000
1786977060.325,480000,480000,480000,480000
1786977060.487,480000,480000,480000,480000
1786977060.650,480005,480000,634385,673374
1786977060.813,480006,480000,480000,480000
1786977060.976,480000,480000,1207672,480000
1786977061.132,479994,480000,480000,480000
1786977061.298,480000,480000,480000,480000
1786977061.464,480000,480000,480000,996389
1786977061.623,480000,480000,480000,480000
1786977061.786,479993,480000,664601,480000
1786977061.951,480000,480000,480000,479994
1786977062.113,480000,480000,590147,1139572
1786977062.275,480000,480000,480000,480000
1786977062.435,480000,479993,480000,480000
1786977062.601,480000,480000,480000,480000
1786977062.770,480000,480000,480000,480000
1786977062.929,480000,480000,480000,480000
1786977063.089,480000,1302391,480017,480000
1786977063.254,480000,509504,480000,480000
1786977063.415,480000,480000,733302,480000
1786977063.578,480000,480000,480014,480000
1786977063.738,480000,480000,480000,480005
1786977063.902,480000,480000,480000,480000
1786977064.066,548093,545263,480000,480006
1786977064.230,480000,480000,480000,480000
1786977064.390,480000,480000,480000,480000
1786977064.552,480000,480000,480000,480000
1786977064.712,480000,480000,618439,1020308
1786977064.874,480000,480000,480000,480000
1786977065.034,480006,480000,480000,480005
1786977065.198,480000,480000,480000,480005
1786977065.365,480000,480000,590774,744698
1786977065.528,480000,480000,480000,479993
1786977065.680,480000,480000,480000,480000
1786977065.839,480000,480000,479985,480000
1786977066.003,480000,480000,480000,480000
1786977066.167,480000,480000,480000,480000
1786977066.329,480000,480000,480000,480000
1786977066.490,480000,480000,480000,480000
1786977066.658,480000,480000,760720,480000
1786977066.818,480000,480000,480000,480000
1786977066.986,480000,480000,739221,480000
1786977067.150,480000,763940,480000,480000
1786977067.315,480000,955219,480000,480000
1786977067.477,480000,480000,1082749,920355
1786977067.639,480000,480000,480000,480000
1786977067.802,479993,480006,480000,480000
1786977067.979,480000,480000,480000,858462
1786977068.140,480000,480000,480000,480000
1786977068.302,480000,480000,990474,1056722
1786977068.455,480000,480000,764030,823477
1786977068.616,480022,480000,659814,1048354
1786977068.775,480000,480000,480000,480000
1786977068.936,480021,480000,480000,480000
1786977069.095,480006,480000,480000,480000
1786977069.257,480000,480000,826167,801296
1786977069.421,670190,1192954,480000,480000
1786977069.583,479993,480000,713359,480000
1786977069.743,480000,480000,479993,480000
1786977069.904,480000,480005,480000,1302699
1786977070.067,480000,480000,479993,480000
1786977070.230,480000,929282,480000,480000
1786977070.392,479992,480006,480000,480005
1786977070.554,480000,480000,480000,480000
1786977070.717,480000,480000,480000,480000
1786977070.878,480000,480000,480000,480000
1786977071.041,480000,480000,522707,1176277
1786977071.204,480000,909975,480000,480000
1786977071.365,480000,479993,480000,713669
1786977071.527,1178386,1119156,480005,480000
1786977071.691,480000,480000,480000,480000
1786977071.858,479974,480000,480000,480000
1786977072.021,480000,480000,480000,480000
1786977072.183,480006,480000,480000,837053
1786977072.345,480000,480000,480000,480009
1786977072.507,480000,480000,480000,480000
1786977072.669,480000,480000,479994,480000
1786977072.830,480000,480000,480000,480000
1786977072.994,480000,480000,480000,480000
1786977073.158,480000,480000,480005,480000
1786977073.322,480000,498492,480000,479994
1786977073.484,480000,480000,575319,1407856
1786977073.647,479993,480000,732857,870758
1786977073.810,479993,480000,480000,480000
1786977073.974,480000,480006,480000,480000
1786977074.131,480000,480000,480000,715581
1786977074.292,480000,480000,480000,480000
1786977074.455,479993,480000,480000,480007
1786977074.616,480000,480000,1490590,676099
1786977074.779,480000,480000,480000,480005
1786977074.941,480000,480000,480000,480000
1786977075.101,480005,480000,480000,480000
1786977075.262,480000,480006,598742,668917
1786977075.424,480000,480000,480000,480000
1786977075.583,480000,480006,480000,480000
1786977075.748,480000,480000,480000,1430652
1786977075.912,480000,480000,819092,858894
1786977076.072,480000,957429,480000,480000
1786977076.235,479993,480000,480000,480000
1786977076.396,480000,965526,480000,480000
1786977076.559,480000,480006,480000,480000
1786977076.720,480000,1287532,480000,480000
1786977076.882,480000,480000,480000,480000
1786977077.047,480000,480000,480000,480000
1786977077.211,480000,479946,480000,480000
1786977077.371,480000,480000,480000,1048771
1786977077.531,480000,480000,480000,480000
1786977077.694,480000,480000,480000,480000
1786977077.856,479993,480000,728752,549374
1786977078.020,480000,480000,479993,480000
1786977078.182,480000,480000,479994,480000
1786977078.348,480006,480000,550031,683553
1786977078.510,873457,549846,480000,480000
1786977078.674,480005,480000,480000,480000
1786977078.839,480000,736395,480000,480000
1786977079.001,480000,480000,480000,480000
1786977079.164,1262946,1089681,480000,480006
1786977079.328,480000,480000,480000,480000
1786977079.490,480000,480000,480000,480000
1786977079.657,480000,480000,480000,480000
1786977079.817,480000,480000,480000,480000
1786977079.981,582167,705140,480000,480016
1786977080.141,479994,479994,479992,480000
1786977080.301,480000,826356,480006,480000
1786977080.466,480000,479994,480000,701429
1786977080.630,480000,480000,480000,480000
1786977080.794,480000,480000,480000,480006
1786977080.971,480000,480006,691120,1109194
1786977081.144,480000,480000,480000,479993
1786977081.305,480000,480000,480000,480006
1786977081.468,480000,810505,480000,480000
1786977081.630,480000,480000,480000,480000
1786977081.793,480000,480000,480000,541829
1786977081.956,480000,480000,480000,480000
1786977082.118,480000,480000,479983,480000
1786977082.284,480000,480000,480000,480000
1786977082.445,480000,480000,480000,747494
1786977082.608,480000,954419,480000,480000
1786977082.771,480000,480000,480000,480000
1786977082.933,480000,480000,480000,480000
1786977083.095,480000,480006,480000,480000
1786977083.254,480000,480000,480000,480000
1786977083.416,480000,480000,480000,480000
1786977083.582,480006,480000,480000,479994
1786977083.744,480005,480000,595673,849375
1786977083.908,636552,955986,480000,480000
1786977084.070,480000,480000,480000,480000
1786977084.231,480000,584064,480000,480000
1786977084.393,575276,1243592,480000,479993
1786977084.554,479994,480000,480000,480000
1786977084.714,480000,480000,480000,480000
1786977084.881,480000,480000,480000,480000
1786977085.047,480000,480000,480000,480000
1786977085.209,1297557,846027,480000,480000
1786977085.371,480000,480000,480000,480000
1786977085.532,599755,640522,786017,480000
1786977085.694,626111,1004216,480000,480000
1786977085.857,763789,1236758,480006,480000
1786977086.019,480000,480000,480000,480000
1786977086.184,480000,480000,480000,479994
1786977086.352,480000,480000,480000,480000
1786977086.514,480011,480000,480000,480000
1786977086.677,480000,480000,480000,480000
1786977086.840,480000,480000,594073,547534
1786977087.004,480000,480000,480000,480000
1786977087.164,480000,480000,480000,480000
1786977087.325,480000,479993,480000,479991
1786977087.489,480000,480000,480000,480000
1786977087.656,480000,480000,480024,480000
1786977087.818,480000,480000,480000,480000
1786977087.987,480000,480000,597327,938236
1786977088.149,480000,721745,480000,480000
1786977088.308,480000,480000,480000,480000
1786977088.470,480000,480000,480000,480000
1786977088.631,480000,480000,479992,480000
1786977088.795,480000,479994,479993,480000
1786977088.969,480000,480000,480000,480011
1786977089.130,479994,480000,480000,480000
1786977089.293,480000,480000,480000,480000
1786977089.454,547988,863392,480000,479994
1786977089.615,1600019,727868,480000,480005
1786977089.774,480000,480000,480000,480000
1786977089.938,480000,480000,480000,480000
1786977090.102,480000,480006,480000,480000
1786977090.267,480000,480000,480000,506526
1786977090.430,480000,480000,480000,480000
1786977090.591,480000,480024,480000,479932
1786977090.751,480000,480000,480000,480000
1786977090.913,480000,480000,480000,480000
1786977091.075,480000,1170625,480000,480000
1786977091.237,480000,480000,1116875,688120
1786977091.402,480000,480006,480000,479991
1786977091.565,479994,480000,480000,480000
1786977091.728,860886,480000,480000,480000
1786977091.891,480006,480000,631150,480000
1786977092.052,480000,480000,480000,480000
1786977092.216,750302,843389,480000,480000
1786977092.375,480000,480000,480000,793969
1786977092.538,480000,480000,480000,480000
1786977092.702,480000,480000,480000,480000
1786977092.869,480000,480000,480000,743752
1786977093.031,594818,617904,480000,480000
1786977093.192,480000,480000,480000,480000
1786977093.354,479994,480000,480000,480000
1786977093.516,479989,480000,480000,480000
1786977093.678,480000,606342,480000,480000
1786977093.839,480000,480000,480005,480000
1786977094.004,480000,480000,480000,480000
1786977094.179,480000,480000,480000,825524
1786977094.342,480000,480000,918866,480000
1786977094.506,480000,480000,480000,1190529
1786977094.667,480000,480000,479993,480000
1786977094.826,480000,480000,480000,480000
1786977094.991,480000,480000,480000,480000
1786977095.153,480000,480000,480000,480000
1786977095.316,479994,480000,480000,480000
1786977095.486,480000,480000,480000,480000
1786977095.650,480000,480000,480000,480000
1786977095.809,480006,480000,480000,480000
1786977095.972,480000,480000,480000,480000
1786977096.133,480000,480000,588069,658584
1786977096.294,480000,480000,489545,954771
1786977096.456,480000,480000,480005,480000
1786977096.618,480000,480005,480000,480000
1786977096.784,780989,1029094,480000,480000
1786977096.947,480000,480000,480000,480000
1786977097.109,479994,480000,687267,871804
1786977097.272,480000,478675,480000,480000
1786977097.434,480000,480000,593108,842846
1786977097.593,480000,581474,480000,480000
1786977097.754,480000,480000,480000,480000
1786977097.915,480000,480000,480000,480000
1786977098.081,480000,480000,592040,1389345
1786977098.237,480000,480000,669998,682514
1786977098.399,480000,480000,702780,1257350
1786977098.562,480000,480000,833099,1140852
1786977098.724,480000,480000,480000,480000
1786977098.881,480000,480000,480000,480000
1786977099.042,1322341,480000,480000,480000
1786977099.205,480000,480000,479994,480000
1786977099.368,480000,479993,480000,480000
1786977099.533,480000,480000,480006,480093
1786977099.694,480000,480000,480000,480000
1786977099.858,480000,480000,554167,602649
1786977100.021,480000,480000,480000,480000
1786977100.182,480000,480000,480006,480000
1786977100.346,480000,480000,480000,480000
1786977100.508,480000,480000,480000,480000
1786977100.675,480000,480000,480000,480000
1786977100.840,480000,480000,480000,480000
1786977101.004,480000,480000,539845,480000
1786977101.166,480000,479993,480000,1311113
1786977101.329,480000,480000,480000,480000
1786977101.490,682848,990769,480000,480005
1786977101.653,480000,480000,480000,480000
1786977101.814,480000,480005,479994,480006
1786977101.985,480000,480000,480011,480000
1786977102.148,480000,480000,480000,480000
1786977102.309,480000,881659,480000,480000
1786977102.473,480000,480000,480000,480000
1786977102.636,480000,824648,480000,480000
1786977102.795,480000,480000,480000,1150046
1786977102.964,480000,628015,480000,480000
1786977103.127,480000,480000,480000,480000
1786977103.292,480000,480000,480025,479994
1786977103.457,480000,480000,869861,645752
1786977103.619,480000,480000,480000,480000
1786977103.780,480005,480000,599641,1341908
1786977103.945,480000,480006,480000,480000
1786977104.105,480005,480000,600673,549670
1786977104.265,480000,907804,480000,480000
1786977104.427,480000,480000,480000,480000
1786977104.593,480000,480000,532801,942238
1786977104.757,480000,480000,697268,948503
1786977104.921,480000,480000,480000,480000
1786977105.082,480000,480000,582153,742987
1786977105.242,480000,480000,601701,1480035
1786977105.404,480000,1040248,480000,480000
1786977105.565,480000,480000,480000,480000
1786977105.726,480000,480000,480000,480000
1786977105.894,480000,480000,480000,480005
1786977106.057,480000,480000,480000,480000
1786977106.220,480000,480000,480000,480000
1786977106.383,638113,541839,480000,480000
1786977106.542,480000,1151573,480000,480000
1786977106.703,480000,480005,715842,763154
1786977106.866,933720,1291852,480000,480000
1786977107.026,480000,480000,479989,480000
1786977107.190,480000,480000,480000,480000
1786977107.353,705802,480000,480000,480000
1786977107.515,480000,480005,480000,582186
1786977107.679,480000,479985,480000,480000
1786977107.841,839430,480000,480000,480000
1786977108.005,480000,480000,479994,786075
1786977108.167,1600020,1184540,480000,480000
1786977108.327,480000,480000,480000,480000
1786977108.496,480000,1139108,480000,480000
1786977108.660,480000,480000,726382,480000
