1786968732.543,479986,479994,480000,480015
1786968732.726,480000,480000,480000,480006
1786968732.954,480000,480000,480000,480005
1786968733.187,480000,480000,480000,480000
1786968733.468,480000,480000,480000,480000
1786968733.732,480000,479994,480006,480000
1786968733.964,480000,480005,479993,480000
1786968734.191,479994,480000,480000,479993
1786968734.422,480006,480000,479993,480000
1786968734.652,479994,480005,480000,479993
1786968734.919,480000,479994,479994,480000
1786968735.175,480000,480006,480000,480000
1786968735.408,480000,480000,479994,480000
1786968735.644,480000,480000,480005,480006
1786968735.878,480000,480000,480000,480000
1786968736.104,479993,480000,480000,480000
1786968736.369,480000,480000,479994,480000
1786968736.601,480000,480006,480000,480000
1786968736.818,480000,480000,479994,480000
1786968737.042,480000,480000,480005,480000
1786968737.282,480000,480000,480006,480000
1786968737.519,480000,480000,480000,480000
1786968737.747,479993,480000,479994,480000
1786968738.010,480000,480000,480000,480000
1786968738.255,480000,480000,480000,480005
1786968738.514,480000,480000,480000,480000
1786968738.737,480000,480000,480000,480000
1786968738.966,480011,480006,479994,479993
1786968739.200,480000,480000,479993,480000
1786968739.449,480000,480000,480000,480005
1786968739.694,480000,480000,480000,480000
1786968739.933,480000,480006,480000,480006
1786968740.162,480000,480000,480000,479993
1786968740.390,480000,480000,480000,479993
1786968740.618,480000,480000,480000,479994
1786968740.848,480000,480000,480000,480000
1786968741.101,480000,480000,480000,479993
1786968741.339,480000,479994,480000,480000
1786968741.575,480000,480000,480006,480000
1786968741.812,480000,480000,480000,480000
1786968742.043,480006,480000,480000,480000
1786968742.271,480006,480000,480000,480000
1786968742.541,479993,479994,480000,480000
1786968742.791,480000,479993,479993,480000
1786968743.015,480000,480000,480000,480000
1786968743.246,479994,479994,480000,479994
1786968743.497,480000,479994,480000,479994
1786968743.725,480000,480000,480006,480000
1786968743.976,480000,480000,480000,479993
1786968744.225,480006,480000,479993,480000
1786968744.479,480000,480006,480000,479994
1786968744.704,480000,480000,480000,480000
1786968744.923,480000,480000,480000,480000
1786968745.149,480000,480000,480000,480000
1786968745.395,480000,480000,479987,480000
1786968745.620,479994,480006,479993,480000
1786968745.863,480000,480000,480000,480006
1786968746.098,479994,480000,480000,480000
1786968746.327,480000,480000,480000,480000
1786968746.558,480000,480000,480000,480000
1786968746.799,480000,480000,480000,480000
1786968747.038,480000,480000,480000,479994
1786968747.292,479994,480005,480000,480000
1786968747.517,480000,480000,480000,479994
1786968747.759,480000,480006,480000,480000
1786968747.989,480000,480000,480000,480006
1786968748.221,480000,479994,480000,480000
1786968748.496,480000,480000,480000,480000
1786968748.736,480000,480000,480005,479993
1786968749.044,480000,480000,480000,480000
1786968749.353,480000,480000,480005,480005
1786968749.584,480000,479993,480000,480000
1786968749.809,480000,479993,480000,480000
1786968750.048,480005,480005,480000,480000
1786968750.283,479993,480000,480000,480000
1786968750.531,480000,480000,479994,480000
1786968750.762,479993,480000,480005,480000
1786968750.999,480006,480000,480000,480000
1786968751.235,480006,480000,480000,480000
1786968751.501,480000,480000,480000,480000
1786968751.774,480000,480000,479993,480000
1786968752.013,480000,480000,480000,480000
1786968752.251,479994,480000,480005,480000
1786968752.494,479993,480000,480000,480000
1786968752.728,479993,480000,479994,479994
1786968752.964,480000,480000,479993,480006
1786968753.198,480000,480000,479994,480000
1786968753.459,480000,480000,480000,480000
1786968753.691,480000,480000,480000,480000
1786968753.934,480005,480000,480000,480005
1786968754.149,480000,480000,480000,480000
1786968754.383,480006,480000,480000,480000
1786968754.622,480000,480000,480000,480000
1786968754.863,480000,480006,479993,480005
1786968755.113,480000,480000,479993,480000
1786968755.350,479994,480000,480000,480000
1786968755.584,480000,480006,479993,480000
1786968755.813,480000,479993,479993,480000
1786968756.042,480000,480006,480000,480000
1786968756.275,480006,480000,480006,480000
1786968756.544,480006,480000,480000,480000
1786968756.792,479993,480000,480005,480000
1786968757.029,480000,480000,480000,480000
1786968757.254,480000,480000,479993,480000
1786968757.511,480000,480000,480000,480006
1786968757.750,480000,480006,480000,479994
1786968757.997,480000,480000,480000,480000
1786968758.255,479994,480000,480005,479994
1786968758.498,480000,480005,480000,480000
1786968758.737,480000,480000,480000,480000
1786968758.962,480000,480000,480000,480000
1786968759.190,480005,480000,480000,480000
1786968759.521,480000,480000,480000,480000
1786968759.869,480000,479994,480000,480000
1786968760.125,480005,480000,480000,480000
1786968760.376,480000,480000,480000,480000
1786968760.614,480000,480005,479993,479994
1786968760.842,480000,480000,479993,480000
1786968761.119,480000,480000,479993,480000
1786968761.372,479987,479993,480000,479994
1786968761.603,480005,480000,479993,480000
1786968761.838,480000,480000,480000,480000
1786968762.070,480000,480000,480000,479994
1786968762.318,480000,480000,480000,480000
1786968762.579,480000,480000,480006,479993
1786968762.828,480000,480000,480006,480006
1786968763.064,479993,479994,480000,479993
1786968763.306,480000,480000,480000,480000
1786968763.552,480000,480000,479994,479994
1786968763.775,480000,480000,479993,480000
1786968764.017,480000,480000,480000,480000
1786968764.255,480000,480006,479993,479994
1786968764.493,480000,479994,479994,480000
1786968764.731,480000,480000,479994,480000
1786968764.964,480000,479993,480005,480000
1786968765.195,479993,479994,480000,479993
1786968765.436,480000,480000,480000,480000
1786968765.674,480000,480000,480000,479994
1786968765.906,480000,480000,480000,480000
1786968766.147,480000,480000,480000,480000
1786968766.375,480006,480000,480000,480000
1786968766.609,480000,480000,480000,480005
1786968766.825,480000,480005,480000,480000
1786968767.076,480000,480000,480000,480005
1786968767.326,480000,479993,479994,480000
1786968767.569,480000,480000,480005,480000
1786968767.803,480000,480000,480000,480006
1786968768.033,479993,480000,480000,479993
1786968768.251,480000,480000,480005,480000
1786968768.489,480000,480006,480000,479993
1786968768.735,480000,480000,480000,480000
1786968768.974,480000,480000,480000,480000
1786968769.202,480000,479993,480000,480000
1786968769.443,479993,480006,480000,480000
1786968769.669,480000,480000,480000,480000
1786968769.905,479993,480000,480000,479994
1786968770.153,479994,480000,480000,480000
1786968770.432,480000,480000,480000,480000
1786968770.661,480000,480000,480000,480005
1786968770.888,480000,480005,480000,480000
1786968771.118,480000,480000,480000,480006
1786968771.340,480000,480005,480000,480000
1786968771.566,480000,480006,480000,479994
1786968771.817,480000,480000,480005,480000
1786968772.048,479993,479993,480000,480000
1786968772.280,480000,480000,480000,480005
1786968772.519,480000,480000,480000,480000
1786968772.730,480000,480000,480000,480000
1786968772.944,479994,480000,480005,480000
1786968773.181,480000,480000,480000,480000
1786968773.437,480000,480006,480000,480000
1786968773.678,480000,479993,480000,479993
1786968773.917,479994,480006,480000,480000
1786968774.155,480000,480000,480000,480000
1786968774.384,480000,480000,480000,480006
1786968774.636,480005,480005,480000,480000
1786968774.935,480005,480006,480000,480000
1786968775.190,479993,480000,480006,480000
1786968775.425,480000,480000,480011,479993
1786968775.650,480000,480000,480000,480000
1786968775.886,480000,480006,480000,480000
1786968776.138,480000,480006,480000,479994
1786968776.379,480000,480000,480000,480005
1786968776.619,480000,480000,480000,480000
1786968776.851,480000,480000,480005,480000
1786968777.083,480000,480000,480005,480000
1786968777.325,480000,480000,479994,479994
1786968777.572,480006,480000,480006,480000
1786968777.828,480000,480000,480000,480000
1786968778.057,480000,480000,480005,480000
1786968778.280,479993,480000,479994,479994
1786968778.505,480000,480005,480000,480000
1786968778.734,480000,480000,480000,480000
1786968778.988,480000,479994,480000,480006
1786968779.232,480000,480000,480000,480000
1786968779.486,480000,480000,480000,480000
1786968779.718,480000,480000,480000,480006
1786968779.951,480000,480000,480005,479993
1786968780.186,480000,480000,480006,480000
1786968780.412,480000,480000,480005,480000
1786968780.679,480000,480006,479993,480000
1786968780.922,480000,480000,480000,480000
1786968781.154,480006,480000,480000,480000
1786968781.398,480000,480000,479994,480000
1786968781.638,480000,480000,480000,480000
1786968781.872,480000,479993,479993,480000
1786968782.119,480000,480000,480000,480000
1786968782.389,480000,479994,480000,480005
1786968782.627,480000,480000,480000,480000
1786968782.873,480000,480000,480000,479994
1786968783.088,480000,480000,480000,480000
1786968783.322,480000,480000,480000,479994
1786968783.559,480006,480000,480000,480000
1786968783.802,480000,479993,480000,480000
1786968784.046,480000,480000,480000,480000
1786968784.282,480000,479994,480000,480000
1786968784.544,480000,480000,480000,480000
1786968784.785,480000,480000,480000,480000
1786968785.016,480000,480000,480000,480000
1786968785.272,479994,479993,479994,480000
1786968785.574,480000,480000,480000,480000
1786968785.812,480000,479994,480000,479993
1786968786.036,480000,480006,480000,480000
1786968786.268,480000,480000,480005,480000
1786968786.513,480000,480000,480000,480000
1786968786.760,480000,480000,480005,480000
1786968786.998,480000,480000,479993,479994
1786968787.234,480000,480000,480005,480000
1786968787.460,480000,480000,479994,480000
1786968787.690,480000,480000,480000,479994
1786968787.928,480000,480000,480005,479993
1786968788.177,480005,479994,480000,480000
1786968788.416,479994,480000,480000,480006
1786968788.644,480000,480000,480000,480000
1786968788.876,480000,479993,480000,479993
1786968789.103,479993,480000,480000,480000
1786968789.340,480005,480006,480000,479993
1786968789.601,480000,480000,480000,479993
1786968789.855,480000,480000,480000,480000
1786968790.080,480000,480000,480000,480000
1786968790.308,480000,479994,480000,480000
1786968790.534,480000,479993,480000,480000
1786968790.762,480000,480006,480000,479994
1786968790.999,480000,480006,480000,480000
1786968791.251,480000,480000,480000,480000
1786968791.577,480000,480000,480000,480000
1786968791.808,480000,480005,480000,480000
1786968792.033,480000,480000,480000,480000
1786968792.250,480000,480000,480000,480000
1786968792.480,480000,480000,479993,480000
1786968792.727,480000,480000,480000,480006
1786968792.974,480000,480000,480000,480000
1786968793.214,480000,479994,480000,480000
1786968793.472,480000,480000,480000,480000
1786968793.701,480000,480006,480000,480000
1786968793.933,480000,480000,480000,480000
1786968794.175,480000,480000,480000,480005
1786968794.435,480000,480005,480000,480000
1786968794.649,480000,480000,480000,479993
1786968794.883,480000,480000,480000,480000
1786968795.109,480000,480000,480006,480011
1786968795.344,480000,480000,480006,480000
1786968795.600,480000,480005,480006,480000
1786968795.861,480012,480000,480000,479994
1786968796.086,480000,480000,479993,480000
1786968796.306,480006,480000,480000,480005
1786968796.534,480000,480000,479994,480000
1786968796.763,480000,480006,480000,480006
1786968797.002,480000,480000,480000,480006
1786968797.247,480000,480006,480000,480006
1786968797.481,480000,480000,480005,480000
1786968797.688,480000,480000,480012,479993
1786968797.925,480000,479994,480005,480000
1786968798.154,480000,480000,480000,480000
1786968798.388,480000,480000,480000,480000
1786968798.647,479993,480000,479993,479994
1786968798.890,480000,480000,480006,480000
1786968799.115,479993,480006,480000,480000
1786968799.350,480000,480000,480000,480000
1786968799.583,480006,479994,480000,479987
1786968799.819,480000,480000,480000,480000
1786968800.078,479993,480000,480000,480006
1786968800.356,480000,480000,480006,480000
1786968800.589,480000,480000,480000,480000
1786968800.822,480000,480000,480000,480006
1786968801.052,479993,480000,480000,480011
1786968801.284,480000,480005,479994,480000
1786968801.548,480005,480000,479994,480000
1786968801.798,480000,480000,479993,480000
1786968802.026,480000,480000,480000,480000
1786968802.253,480000,480000,480000,479993
1786968802.490,480000,480000,479993,480000
1786968802.728,480000,480000,480000,480000
1786968802.962,480000,480000,480000,480006
1786968803.210,480000,480000,479994,480006
1786968803.459,480000,480006,480000,480005
1786968803.694,480000,480000,480000,480000
1786968803.919,480000,480005,480000,480000
1786968804.147,480000,480000,480006,480000
1786968804.388,480000,480000,479993,480000
1786968804.600,480000,480005,480000,480000
1786968804.851,480006,479993,479993,480000
1786968805.078,480005,480000,480000,480000
1786968805.312,480000,480000,480005,480000
1786968805.545,480000,479993,480006,480000
1786968805.777,480000,480005,480000,479994
1786968806.017,480000,479994,479994,480000
1786968806.268,480000,479993,480000,480000
1786968806.510,479993,480000,480000,479993
1786968806.739,479993,479993,480000,480000
1786968806.970,479994,480005,480000,480006
1786968807.205,480000,480000,480000,480000
1786968807.457,479993,480000,480000,480000
1786968807.699,480000,479993,480006,480000
1786968807.929,480006,480000,480000,480000
1786968808.165,480000,480000,479994,480000
1786968808.395,480000,480000,480006,480000
1786968808.628,480000,480006,480000,480000
1786968808.864,480000,479994,480000,480000
1786968809.108,480000,480000,479993,480005
1786968809.331,480000,480000,480000,480000
1786968809.564,480000,480000,480000,480000
1786968809.784,479993,480000,480000,480006
1786968809.993,480000,480000,480000,480000
1786968810.226,480000,480000,480005,480000
1786968810.457,480000,480000,480000,480000
1786968810.711,480000,480000,480000,480000
1786968810.933,479994,480000,480000,480000
1786968811.170,480000,480005,480000,480000
1786968811.407,480000,479994,480000,480000
1786968811.638,480000,480000,480000,480000
1786968811.877,480000,480006,480000,480000
1786968812.090,480000,480006,480000,480000
1786968812.345,480000,480005,480000,480000
1786968812.576,480000,480000,480000,480000
1786968812.810,479993,480000,479994,480000
1786968813.041,480005,480000,480000,480000
1786968813.274,479994,479993,480006,480000
1786968813.494,479994,480000,480000,480000
1786968813.740,480000,480000,480000,480000
1786968813.967,480000,480006,479993,479994
1786968814.196,479994,480000,480000,480000
1786968814.426,480000,480000,480000,480006
1786968814.652,480000,480000,480006,480000
1786968814.879,480000,480000,480000,479993
1786968815.142,480005,480000,479993,479993
1786968815.413,480000,480006,480000,480000
1786968815.613,479994,480000,479994,480006
1786968815.835,480000,480000,480000,480006
1786968816.070,480000,480000,480000,480000
1786968816.300,480000,480000,480000,480000
1786968816.544,480000,480000,479993,480000
1786968816.843,480000,480000,480006,480000
1786968817.085,480000,480000,480006,479993
1786968817.323,480000,480006,480000,480000
1786968817.555,479993,480000,479993,480000
1786968817.792,479994,480000,480000,480000
1786968818.030,480000,480000,480000,480000
1786968818.270,480000,479993,480000,480000
1786968818.540,480000,480000,480005,479994
1786968818.786,480000,480000,480000,480000
1786968819.022,480006,480000,480005,480000
1786968819.252,480000,480000,480000,480000
1786968819.506,480000,480006,480000,480000
1786968819.771,480000,480000,480005,480000
1786968820.010,480000,479994,479993,480000
1786968820.244,480000,480005,480000,480006
1786968820.492,480000,480000,479993,480000
1786968820.712,480000,480000,480005,480000
1786968820.956,480000,480006,480000,480000
1786968821.218,480000,480000,480000,480000
1786968821.522,480000,480000,479993,480000
1786968821.743,480000,480000,480000,480000
1786968821.977,480005,480000,480000,480000
1786968822.207,480000,480000,480000,480000
1786968822.458,480000,480000,480000,480000
1786968822.705,479993,480000,480000,480000
1786968822.961,479994,480000,480000,479993
1786968823.197,480000,480000,480000,480000
1786968823.430,480000,480000,480000,480005
1786968823.664,480000,480000,480005,480000
1786968823.894,480000,480000,480000,480000
1786968824.132,480000,480000,480000,480000
1786968824.391,479993,479993,480005,480000
1786968824.625,480000,479988,480000,480000
1786968824.864,480000,480000,480000,480000
1786968825.107,480000,480000,480000,480000
1786968825.339,480005,480000,480000,480000
1786968825.573,480000,480000,480000,480000
1786968825.828,480000,480000,479993,480000
1786968826.078,480000,479994,480000,480000
1786968826.321,480000,479993,480000,480000
1786968826.557,479994,480000,480000,479988
1786968826.777,480000,480005,479993,480000
1786968827.014,480000,480000,480000,480000
1786968827.268,480000,479993,480000,480000
1786968827.571,480005,479994,480000,479994
1786968827.802,479987,480000,479993,479993
1786968828.034,480000,480000,479993,480006
1786968828.278,480000,479987,480000,479993
1786968828.499,480005,480000,480000,480000
1786968828.756,480000,480000,480000,480000
1786968828.994,480000,480000,480005,480000
1786968829.222,480000,479993,480006,480000
1786968829.446,480000,480000,480000,480000
1786968829.679,480000,480000,479994,480000
1786968829.903,479993,480006,479987,480000
1786968830.159,480000,480005,480012,480000
1786968830.421,480006,480005,480000,480000
1786968830.662,479993,479993,480000,480000
1786968830.895,480000,480000,480011,480000
1786968831.122,480000,480000,480000,480000
1786968831.352,480000,480000,479993,480000
1786968831.589,479993,480000,479993,480000
1786968831.822,480000,480000,480006,480000
1786968832.055,480000,480000,479994,480000
1786968832.283,480006,480000,480006,479987
1786968832.515,480000,480000,480000,480000
1786968832.754,480000,480000,479987,480000
1786968832.986,480000,479994,480000,480000
1786968833.228,480000,480005,480000,480000
1786968833.465,480000,480000,480000,480000
1786968833.697,480000,480005,480000,480000
1786968833.925,480000,480000,480000,480006
1786968834.160,480000,480000,480000,480000
1786968834.378,480000,480000,480000,480000
1786968834.578,480000,480005,480005,479994
1786968834.829,479993,480000,480005,480000
1786968835.067,480000,480000,480000,480000
1786968835.295,480000,480000,480000,480000
1786968835.540,480000,480000,480000,480000
1786968835.767,479987,480000,480000,480000
1786968835.996,480005,480000,480000,480000
1786968836.238,480005,480000,480000,480000
1786968836.484,479994,480000,480000,480006
1786968836.737,480005,480000,480000,480000
1786968836.963,480000,479993,480000,480000
1786968837.202,480000,480000,480000,480006
1786968837.423,480000,480000,480000,480000
1786968837.614,480000,480006,480000,480000
1786968837.852,480000,480000,480000,480000
1786968838.085,480000,480000,480000,480005
1786968838.314,480000,480000,480000,480006
1786968838.545,480000,480000,480006,480005
1786968838.776,480000,480000,480000,480000
1786968839.011,480005,480006,480005,480000
1786968839.258,480005,480000,480000,480000
1786968839.496,480000,480000,479993,480000
1786968839.758,480000,480000,480000,480000
1786968839.991,480000,480000,480000,479994
1786968840.229,479994,480000,480000,479993
1786968840.461,480000,479993,480005,480000
1786968840.690,479994,480000,480006,480000
1786968840.946,480000,480000,480000,479994
1786968841.187,480000,480000,480000,479994
1786968841.418,480000,480006,480006,479993
1786968841.646,480000,480000,480000,480000
1786968841.877,480000,480000,480000,480000
1786968842.103,480000,480005,480000,480000
1786968842.362,480000,480000,480005,480000
1786968842.605,480000,480000,480006,480000
1786968842.840,479994,480000,480000,480000
1786968843.079,480000,480000,480000,480005
1786968843.312,480000,480000,480000,480000
1786968843.546,479994,480006,480000,480000
1786968843.781,480000,479993,480000,480000
1786968844.033,480000,480000,479993,480000
1786968844.258,480000,480000,480000,480000
1786968844.483,480000,480000,479994,479994
1786968844.716,480000,480000,480000,480000
1786968844.948,480000,479993,480000,480000
1786968845.178,480000,480006,480000,480000
1786968845.421,480000,480000,480000,479994
1786968845.672,480000,480000,480000,480000
1786968845.906,480000,480000,480000,480000
1786968846.138,479987,480000,480000,480000
1786968846.379,480000,480000,480000,480000
1786968846.629,480005,480000,480000,480000
1786968846.908,480000,480005,480000,480000
1786968847.165,480005,480000,480000,479993
1786968847.398,480006,480000,480000,480000
1786968847.592,479993,479994,480005,480006
1786968847.830,480000,480000,480005,480000
1786968848.050,479993,480000,479994,480000
1786968848.281,480000,479994,480000,480005
1786968848.560,480000,480000,480000,480000
1786968848.807,480000,479993,480000,480000
1786968849.040,479993,480005,480000,479994
1786968849.271,479993,479993,480000,480000
1786968849.524,480000,479994,480000,480000
1786968849.761,479994,480000,479993,480006
1786968850.002,480000,480000,480000,480000
1786968850.261,480000,480000,479994,480005
1786968850.508,480000,480006,480000,480005
1786968850.735,480005,480000,480000,480000
1786968850.952,480000,480000,480000,479994
1786968851.181,480000,480000,480000,479993
1786968851.428,480000,480000,480000,479993
1786968851.675,480005,480006,480000,480000
1786968851.915,480000,480000,480000,480000
1786968852.143,480000,480000,480000,480000
1786968852.376,480000,480000,480000,480005
1786968852.600,480000,480000,480000,480000
1786968852.836,479994,480006,480000,480000
1786968853.112,480000,480006,480000,479993
1786968853.372,480000,479993,480005,480000
1786968853.608,480000,480000,480000,479994
1786968853.835,479993,480000,480000,480000
1786968854.068,480000,480000,479994,480000
1786968854.296,480000,479994,480000,480000
1786968854.543,480000,480005,480000,480000
1786968854.779,480000,480000,480000,480000
1786968855.020,480005,480006,480000,480000
1786968855.246,480000,480000,480000,480000
1786968855.508,480005,480000,480000,480000
1786968855.739,480005,479993,480000,479993
1786968855.944,479994,480000,480000,479994
1786968856.192,480000,480006,480000,480000
1786968856.434,479994,479993,479993,480000
1786968856.673,480000,480000,480000,480000
1786968856.905,480000,480006,480000,480000
1786968857.139,480000,480005,480006,479994
1786968857.379,480000,480000,480000,480000
1786968857.636,480000,480000,480000,480000
1786968857.860,479993,480000,479994,479988
1786968858.091,479994,480000,480000,480000
1786968858.333,480005,480000,480006,480000
1786968858.564,480000,480006,479993,480000
1786968858.793,479994,480000,480000,480000
1786968859.034,480005,480000,480000,479994
1786968859.304,479993,480005,480006,480000
1786968859.554,480000,480000,479993,479993
1786968859.782,480000,479993,480000,480000
1786968860.015,480000,480000,480000,480000
1786968860.253,480000,479994,480000,480000
1786968860.506,480005,480000,480000,479994
1786968860.751,479993,480000,479993,480000
1786968861.001,480006,480000,480000,480000
1786968861.232,479993,480000,480000,480000
1786968861.465,479993,479993,480005,480000
1786968861.700,480000,480000,480000,480000
1786968861.926,480000,480000,480000,480000
1786968862.168,479993,480000,480000,480006
1786968862.414,480005,480000,479994,480005
1786968862.653,480000,480000,480000,480000
1786968862.882,480000,480006,480000,480000
1786968863.112,479994,479994,480005,480000
1786968863.348,479993,479993,480000,480000
1786968863.609,480000,480000,480000,480000
1786968863.851,480005,480000,479994,479988
1786968864.075,480000,479994,480000,480000
1786968864.305,480000,479993,480000,480000
1786968864.536,480000,480000,480000,480006
1786968864.752,480000,480000,480000,480000
1786968864.968,480000,480000,480000,479993
1786968865.225,480006,480006,480000,480000
1786968865.485,480000,480000,480000,480000
1786968865.725,479993,480000,480000,480006
1786968865.952,479993,480000,480000,480006
1786968866.185,480011,480000,480000,480000
1786968866.412,480000,480000,480000,479994
1786968866.655,480006,480000,480000,480000
1786968866.916,480000,479987,480000,479993
1786968867.147,480005,480000,480000,480000
1786968867.380,480000,479994,480006,480000
1786968867.609,480000,480006,480000,480000
1786968867.844,480000,480000,480000,480000
1786968868.090,480000,480000,480006,480006
1786968868.314,480000,480000,480000,480000
1786968868.538,480000,480000,480000,480000
1786968868.769,480000,480000,480000,480000
1786968869.007,480000,480000,480005,480005
1786968869.239,479993,480000,479994,480000
1786968869.495,480000,480000,480006,480006
1786968869.730,479993,480000,479994,480000
1786968869.971,480000,480000,480000,480000
1786968870.201,480000,480012,480000,480006
1786968870.447,480006,480006,479994,480000
1786968870.677,479994,480000,479993,480000
1786968870.918,480000,480000,480000,480000
1786968871.156,480005,480000,480000,480000
1786968871.397,480005,480000,479994,480005
1786968871.627,480000,480000,480005,480000
1786968871.861,480000,480000,479994,480000
1786968872.086,480000,479993,479994,480000
1786968872.319,480000,479994,480000,480000
1786968872.546,480000,480000,480006,480000
1786968872.820,480000,480000,480000,479994
1786968873.055,480000,479994,480000,480000
1786968873.287,480000,480000,479993,480000
1786968873.561,480000,480000,480000,480000
1786968873.793,480000,480000,479987,480000
1786968874.029,480000,480012,480000,480005
1786968874.276,479993,480000,480000,480000
1786968874.538,480000,480000,480000,480000
1786968874.772,480000,480000,480000,479994
1786968875.003,480000,479994,480005,480000
1786968875.235,480005,480006,480000,480000
1786968875.472,480000,480000,480000,480005
1786968875.737,480000,480000,480000,480000
1786968875.981,480000,480000,480000,480000
1786968876.210,479987,480000,480000,480000
1786968876.453,480000,480000,480000,480000
1786968876.687,480000,480000,480000,480000
1786968876.921,480000,480000,480000,480000
1786968877.169,480000,480006,480000,480000
1786968877.415,480011,480000,480000,480006
1786968877.661,480000,480000,480000,480000
1786968877.893,480005,480000,480000,480000
1786968878.121,480006,480000,480000,480000
1786968878.349,480000,480000,480000,479994
1786968878.596,479993,479993,480000,480000
1786968878.849,480000,480000,479993,480000
1786968879.101,480006,480000,480000,480000
1786968879.336,480005,479993,480000,480000
1786968879.578,480000,479993,480000,480000
1786968879.807,480000,480006,479993,480000
1786968880.041,480000,480000,480000,480000
1786968880.313,480000,480000,480000,480000
1786968880.570,480000,480000,479993,480000
1786968880.811,480000,479993,479993,480000
1786968881.044,480000,480000,480000,480006
1786968881.288,480000,480000,480000,480000
1786968881.523,479993,479993,480000,479993
1786968881.766,479994,480000,479993,480000
1786968882.001,480000,480005,480000,480000
1786968882.233,480006,480000,480000,479993
1786968882.472,480006,479994,480000,480000
1786968882.713,480000,480000,480005,480005
1786968882.946,480000,480005,480000,480000
1786968883.201,480000,480000,480000,480000
1786968883.459,480000,480000,480000,480006
1786968883.703,479994,479994,480000,480005
1786968883.931,480006,480000,480000,480000
1786968884.166,480000,480000,480000,480000
1786968884.407,480000,480000,480000,480000
1786968884.620,480000,480000,480000,480000
1786968884.859,480000,480012,480000,480000
1786968885.091,480000,479994,479993,480000
1786968885.308,480000,480000,480000,480006
1786968885.548,480000,480000,479993,480000
1786968885.781,479993,480000,479994,480000
1786968886.005,480000,480000,480000,480000
1786968886.253,480005,480005,480000,480000
1786968886.510,480000,480000,480000,480000
1786968886.723,480000,480000,480000,480006
1786968886.954,480000,480000,480000,480000
1786968887.186,480000,480006,480000,480000
1786968887.417,479993,480000,480006,480000
1786968887.670,480000,480000,480000,480000
1786968887.924,480000,480000,480005,480000
1786968888.159,480006,480000,480000,480000
1786968888.395,480000,479993,480000,480000
1786968888.660,479994,480000,480000,479994
1786968888.900,479993,480000,480006,480005
1786968889.110,480000,479994,480005,480000
1786968889.322,480000,480000,480005,479994
1786968889.598,480000,479994,480000,480000
1786968889.824,480000,480000,480006,480000
1786968890.048,480000,480000,479994,479993
1786968890.290,480000,480000,480000,480000
1786968890.523,480000,480006,480000,480000
1786968890.752,480000,480000,480000,480000
1786968891.012,479994,480000,480000,480000
1786968891.246,480000,480000,480006,479994
1786968891.479,480000,480000,480000,480000
1786968891.714,480005,480000,480006,480006
1786968891.945,480005,480005,480000,480000
1786968892.172,480000,479993,480000,479993
1786968892.410,480000,480000,480000,480000
1786968892.645,480000,480000,480000,480000
1786968892.876,480000,480000,480006,480000
1786968893.114,480000,480000,480005,480000
1786968893.356,480000,479993,480005,480000
1786968893.592,480005,480000,480000,480000
1786968893.836,480000,480000,480000,480000
1786968894.088,480000,480000,480000,480000
1786968894.388,480000,480000,480006,480000
1786968894.619,479993,480000,480000,480005
1786968894.852,480000,480000,480000,480006
1786968895.082,480000,480000,480000,480000
1786968895.397,480000,480000,480000,480000
1786968895.659,480000,480000,479994,480000
1786968895.872,480006,480000,479994,480000
1786968896.106,479993,480000,480000,480000
1786968896.333,480005,480000,480000,480006
1786968896.569,480000,480000,480000,479993
1786968896.801,480000,480000,480000,480000
1786968897.044,480000,480000,480000,480000
1786968897.267,480000,480000,480000,480000
1786968897.529,480000,480006,480000,480000
1786968897.755,480006,480000,480000,479987
1786968897.983,480000,480000,480000,480000
1786968898.212,480000,480000,480000,480005
1786968898.477,480000,480006,479994,479987
1786968898.706,480000,480000,480011,480000
1786968898.934,480000,480000,480000,480000
1786968899.164,480000,480000,480000,479994
1786968899.398,480000,480000,480000,480000
1786968899.630,480000,480000,480005,480000
1786968899.874,480000,480000,479993,480005
1786968900.118,480006,479993,480000,479994
1786968900.362,480005,480000,480005,480000
1786968900.598,480000,480000,479994,480000
1786968900.825,480000,480000,480000,480000
1786968901.060,480000,480000,480000,480000
1786968901.297,480000,480000,479993,480000
1786968901.589,480000,479988,479994,480006
1786968901.813,480005,480000,479993,480000
1786968902.036,480000,480000,480000,479994
1786968902.269,480000,480000,480000,480000
1786968902.500,480000,480000,479988,480005
1786968902.735,480012,480000,480000,480000
1786968902.973,480000,480000,480000,480000
1786968903.234,480000,480000,480000,480000
1786968903.474,480000,480000,480000,480000
1786968903.717,480000,479994,480000,480000
1786968903.949,480006,480000,480000,480000
1786968904.177,480000,480006,480000,479994
1786968904.426,480000,480000,480000,480005
1786968904.693,480000,480000,480000,480006
1786968904.941,480000,480000,480005,480000
1786968905.174,480006,480000,480000,480000
1786968905.412,480000,480000,479993,480000
1786968905.648,480000,480000,480000,479993
1786968905.880,480000,480000,480000,479994
1786968906.126,480000,480000,480000,480000
1786968906.367,480006,480000,480000,480000
1786968906.593,480000,480000,480006,480000
1786968906.826,480000,479993,480000,479994
1786968907.069,480000,479994,480000,480000
1786968907.296,480000,479993,480000,480000
1786968907.571,480000,480000,480000,479993
1786968907.817,480000,480000,479994,480000
1786968908.050,480006,480006,480006,480000
1786968908.283,480000,480006,479993,480000
1786968908.557,480000,480000,480000,480000
1786968908.776,480000,480000,479993,480000
1786968909.011,480000,480000,480005,479994
1786968909.251,480000,480000,480000,480000
1786968909.518,480006,480000,480000,480000
1786968909.747,480000,480000,480000,480000
1786968909.983,480000,480000,480000,480000
1786968910.217,480000,480000,479993,480000
1786968910.453,480000,479994,480000,480000
1786968910.711,480000,479993,480006,480000
1786968910.948,480012,480000,480000,480000
1786968911.177,480000,479993,480000,480000
1786968911.408,479994,480000,479993,480000
1786968911.639,480000,480000,480000,480000
1786968911.871,480000,480000,480006,480000
1786968912.115,480000,480000,480000,480000
1786968912.361,480000,480000,480000,480000
1786968912.600,480000,480000,480000,480000
1786968912.829,480005,479994,479993,480000
1786968913.059,480000,480000,479993,480000
1786968913.290,479993,480000,480006,480000
1786968913.529,480000,479993,480000,479987
1786968913.765,480006,480000,480000,480000
1786968914.001,480000,480000,480005,479994
1786968914.227,479993,480000,480000,480006
1786968914.463,480005,480000,480000,480000
1786968914.705,480000,480000,480000,480000
1786968914.942,480000,479993,480000,479994
1786968915.201,480000,480005,480000,480000
1786968915.442,480000,480000,480000,480000
1786968915.675,480000,480000,480000,480000
1786968915.893,480000,480000,480000,480000
1786968916.103,480000,480000,480000,480000
1786968916.331,480000,480000,480000,480000
1786968916.571,479994,480000,480000,480000
1786968916.814,480005,480000,480005,480000
1786968917.059,479993,480000,479994,480000
1786968917.291,480006,480000,480000,480000
1786968917.543,480006,480000,480000,480000
1786968917.776,480000,480000,480000,479993
1786968918.006,480000,480000,480000,479994
1786968918.253,479993,480000,480000,480000
1786968918.502,480005,480000,480005,480000
1786968918.727,480006,480000,480000,480000
1786968918.960,480000,480000,480005,480000
1786968919.190,480000,480005,479993,480000
1786968919.425,480000,480000,480005,479993
1786968919.667,480000,479994,480005,480000
1786968919.896,480000,479994,480006,480000
1786968920.125,480000,480000,479993,480000
1786968920.360,480000,480000,480000,479994
1786968920.595,480000,480000,480000,480000
1786968920.822,480000,480000,480000,480000
1786968921.075,480000,480000,479993,479993
1786968921.332,480006,480000,480000,480005
1786968921.559,480000,480000,480000,480000
1786968921.784,480000,480000,480000,480000
1786968922.022,480000,480000,480000,479994
1786968922.250,480000,480000,479993,480006
1786968922.500,480000,480000,479993,480000
1786968922.734,480000,479993,480000,480000
1786968922.956,480000,480000,480006,480000
1786968923.187,480005,480000,480000,480000
1786968923.425,479993,480000,480000,479993
1786968923.651,480000,480000,480000,480005
1786968923.900,480000,480000,480000,480005
1786968924.109,480000,480000,480000,480000
1786968924.371,480011,479994,479994,480000
1786968924.590,480005,480000,480000,480000
1786968924.821,480006,480000,480000,480000
1786968925.057,480000,480000,480000,480006
1786968925.282,480006,479994,480005,480000
1786968925.515,480000,480000,480005,480000
1786968925.755,480005,480000,480000,480000
1786968925.989,480000,479994,480000,480000
1786968926.216,480005,480006,480005,480000
1786968926.468,480005,480000,480000,479994
1786968926.696,480000,480000,479994,480000
1786968926.928,480000,480000,480000,480006
1786968927.172,480005,480000,479994,480000
1786968927.386,479993,480005,480000,480000
1786968927.615,480000,480006,480000,480000
1786968927.857,480005,480000,479994,480000
1786968928.084,480006,480000,480000,480000
1786968928.313,480000,480000,480000,479993
1786968928.575,480000,480000,480006,479993
1786968928.820,479993,480000,480000,480006
1786968929.051,480000,479993,480000,480000
1786968929.287,480000,480000,480000,480000
1786968929.515,480006,479988,480000,479993
1786968929.750,480000,480000,480000,479994
1786968929.975,480000,480006,480000,480006
1786968930.216,480000,480000,480000,480006
1786968930.528,480000,480000,480000,479994
1786968930.760,480000,480000,480000,480000
1786968930.995,480005,480000,480000,480000
1786968931.224,479993,480000,480000,480006
1786968931.469,480000,480000,480000,480006
1786968931.706,479993,480000,480000,480000
1786968931.941,480000,480000,480000,480000
1786968932.179,480000,480000,480000,480000
1786968932.399,480000,480005,480000,479993
1786968932.627,480006,480000,480000,480006
1786968932.868,480000,480000,480006,480005
1786968933.106,480000,480006,480000,480000
1786968933.351,479993,480005,480000,480000
1786968933.574,480000,480000,480000,480000
1786968933.802,480000,480000,480006,480000
1786968934.039,480000,480000,480000,480000
1786968934.267,480006,479993,480006,480000
1786968934.506,480000,480000,480000,480000
1786968934.761,479993,480000,480000,480000
1786968934.997,480000,480000,480000,480000
1786968935.229,480000,480000,480000,479987
1786968935.512,479993,480006,480000,479993
1786968935.745,480000,479994,479993,480005
1786968935.981,479993,480000,480000,480005
1786968936.232,480000,480000,480000,480000
1786968936.483,480000,480000,479993,480000
1786968936.712,479994,480000,480005,480000
1786968936.939,480000,480000,480000,480000
1786968937.169,480000,480000,479994,480000
1786968937.401,480005,480000,480000,480000
1786968937.628,480000,480000,479993,480000
1786968937.870,480000,480000,480000,480000
1786968938.109,480006,479993,480000,480000
1786968938.336,480000,480000,480000,480000
1786968938.563,479993,479993,480000,479994
1786968938.792,480000,479994,480000,480006
1786968939.014,480000,480000,480006,480000
1786968939.236,480000,480000,479994,479994
1786968939.524,480000,480000,480000,480000
1786968939.795,480000,480000,480000,479993
1786968940.022,480000,480000,480000,480006
1786968940.260,480000,479994,479994,480005
1786968940.545,480000,480000,480000,480000
1786968940.784,480000,480000,480000,480000
1786968941.046,480000,480000,480000,480006
1786968941.281,480000,480000,480000,480000
1786968941.498,480000,480005,480000,479993
1786968941.726,480000,480000,480000,480000
1786968941.958,480000,480000,480000,480000
1786968942.203,480000,480000,480005,480000
1786968942.474,480006,480000,480005,480000
1786968942.710,479994,480005,480000,480000
1786968942.944,480000,480000,480000,480000
1786968943.177,480000,480000,480000,480000
1786968943.413,480000,480000,480000,480000
1786968943.658,480006,480000,480000,480000
1786968943.901,480000,479993,480000,480000
1786968944.131,479994,480000,480000,480000
1786968944.365,480000,480000,480000,480000
1786968944.588,480000,480000,480000,480000
1786968944.822,480000,480000,480000,480000
1786968945.060,480000,479993,480000,480000
1786968945.299,480000,480000,480000,480000
1786968945.577,480000,480000,480000,480005
1786968945.786,479994,479993,480000,480000
1786968946.022,480000,480000,480000,480000
1786968946.253,480006,480000,480000,480000
1786968946.481,479993,479993,480000,480000
1786968946.728,480006,480006,480000,480000
1786968946.973,480000,480000,480000,480000
1786968947.204,480000,480000,480005,480000
1786968947.433,480000,480000,479994,479994
1786968947.668,480005,480006,480000,479994
1786968947.885,480000,480000,480000,480000
1786968948.132,480000,480005,479993,480000
1786968948.411,480005,480000,479993,479993
1786968948.643,480000,480006,480000,480000
1786968948.871,480000,480000,480000,480006
1786968949.103,480000,480000,480006,480000
1786968949.338,480000,480000,480000,480000
1786968949.575,479993,480000,479988,480000
1786968949.830,480000,480005,479993,480000
1786968950.077,479993,480000,479994,480005
1786968950.316,480000,480000,480000,480000
1786968950.574,479994,480000,479994,480000
1786968950.805,480000,480005,480000,480000
1786968951.052,480000,480006,480000,480000
1786968951.296,480000,480005,480006,480000
1786968951.552,480000,480000,480000,480000
1786968951.788,480000,480000,480000,480000
1786968952.012,480000,480000,480006,480000
1786968952.242,480005,480000,480000,480000
1786968952.502,480000,479994,480000,480000
1786968952.743,480000,480000,480000,480000
1786968952.986,480005,480000,480000,480000
1786968953.216,480000,479994,480005,480000
1786968953.449,480000,480000,480000,480000
1786968953.684,480000,480000,480005,480000
1786968953.914,479993,480000,480000,480000
1786968954.160,480000,480000,480011,479993
1786968954.405,480000,480000,480000,480006
1786968954.642,480000,480000,480000,480005
1786968954.872,480005,480000,480000,480005
1786968955.111,480000,479994,480000,480000
1786968955.345,480000,480006,480000,479993
1786968955.580,480000,480000,480000,480000
1786968955.826,480000,480000,480000,480000
1786968956.054,480000,480000,480000,480000
1786968956.274,480000,480006,480000,480005
1786968956.488,480006,480000,480000,480000
1786968956.718,480000,480000,480000,480000
1786968956.935,480000,480005,480000,480000
1786968957.169,480000,480000,480000,480000
1786968957.419,480000,480000,480000,480005
1786968957.668,480006,480000,480000,480006
1786968957.897,480000,480000,480006,480000
1786968958.124,480006,480000,480000,480000
1786968958.358,480000,480000,480000,479994
1786968958.587,480000,480005,480000,480006
1786968958.823,480000,480000,480000,479994
1786968959.056,480000,480000,480000,480000
1786968959.283,480005,480000,480006,480000
1786968959.526,480000,480000,480000,480000
1786968959.756,480000,480000,480000,480000
1786968959.981,480000,480000,479994,480000
1786968960.232,480000,480000,480000,480000
1786968960.525,480000,480000,480000,480000
1786968960.760,480000,480000,480000,479994
1786968960.994,480000,480000,480000,480000
1786968961.221,480000,480006,480000,480000
1786968961.467,480000,480006,480006,480000
1786968961.732,480000,480005,480006,479993
1786968961.977,480000,480000,480005,480000
1786968962.207,480000,480000,480000,479994
1786968962.438,480000,480000,479993,480000
1786968962.636,480000,480000,480000,479993
1786968962.867,480000,480000,480000,480000
1786968963.106,480000,480000,480000,480006
1786968963.397,480000,480000,480000,480000
1786968963.617,480000,480000,480000,480000
1786968963.856,479993,480006,480000,480000
1786968964.068,480000,480005,480000,480000
1786968964.299,480000,480000,479993,479993
1786968964.541,480000,480000,480000,480006
1786968964.784,480000,480000,480000,480000
1786968965.029,480000,479993,480005,480000
1786968965.259,480000,480000,480000,480000
1786968965.554,480000,480000,480000,480000
1786968965.792,480006,480000,480000,480000
1786968966.020,480006,480005,480000,480000
1786968966.264,479994,480000,480000,480000
1786968966.556,480000,480000,480000,480006
1786968966.789,480000,480000,479994,479994
1786968967.019,480000,480000,479993,480005
1786968967.251,480000,479994,480000,480000
1786968967.519,480006,480005,480000,480000
1786968967.753,480000,480000,480000,480000
1786968968.004,480000,480000,480000,480000
1786968968.235,480000,480005,480000,480000
1786968968.468,480000,480000,480000,479994
1786968968.703,479993,480000,480000,480000
1786968968.933,479993,480000,480000,480000
1786968969.180,479993,480000,479994,480006
1786968969.427,480000,479994,480000,480000
1786968969.641,480006,480000,480005,480000
1786968969.877,480005,479993,480000,480005
1786968970.109,480000,480000,480000,479993
1786968970.342,479994,480006,480000,480000
1786968970.574,479994,480000,480005,480000
1786968970.806,480000,480000,480000,480012
1786968971.047,480000,480000,480006,480000
1786968971.288,480000,480000,480000,480000
1786968971.492,480000,480000,480005,480000
1786968971.727,480000,480000,480006,480006
1786968971.959,480000,480005,480000,479993
1786968972.197,480000,479934,480000,480000
1786968972.467,480000,480000,480000,480000
1786968972.701,480000,480000,479993,480000
1786968972.933,480000,480006,480000,480000
1786968973.146,480000,480000,479994,480000
1786968973.377,480000,480000,480006,480000
1786968973.608,480000,480000,480000,480000
1786968973.840,479993,480000,480000,480000
1786968974.091,480000,480006,480000,480000
1786968974.374,480000,480000,480000,480000
1786968974.602,480005,480000,480000,480000
1786968974.831,480000,480000,480000,480006
1786968975.067,480000,480000,480000,480000
1786968975.331,480000,480000,480000,480000
1786968975.576,480000,480000,480000,480005
1786968975.809,480006,480000,480000,480005
1786968976.047,479987,480000,480000,480000
1786968976.281,479993,480000,480000,480000
1786968976.545,480000,480000,480000,480000
1786968976.782,480000,480000,479994,480000
1786968977.025,480006,479994,480000,480005
1786968977.260,480000,480000,480000,480000
1786968977.504,480011,480006,480006,480000
1786968977.739,480000,480000,480000,480000
1786968977.968,479993,480000,480000,480000
1786968978.189,480000,480005,480000,480000
1786968978.398,480006,480000,480000,479994
1786968978.644,480000,480000,480000,480000
1786968978.876,480000,480000,480000,479994
1786968979.111,479993,480000,480005,480005
1786968979.344,480006,480000,480000,480000
1786968979.578,480000,479994,480000,480000
1786968979.832,480000,480000,479993,480000
1786968980.067,480000,480000,479987,480000
1786968980.327,480005,480000,480000,480000
1786968980.564,480000,480000,480005,480000
1786968980.801,480000,480000,480000,480006
1786968981.015,480000,479993,480000,480000
1786968981.237,480000,480000,480000,480000
1786968981.543,480006,480005,480000,480000
1786968981.777,480000,480000,480000,480000
1786968982.022,480000,480000,480000,480000
1786968982.251,480000,479994,480000,479993
1786968982.512,480000,479994,480000,480000
1786968982.750,480000,479993,480000,480006
1786968983.016,480000,480000,480000,480000
1786968983.263,480000,480000,479993,480000
1786968983.557,480000,479994,480000,480000
1786968983.801,480006,480005,480006,480000
1786968984.030,480000,480000,480000,480000
1786968984.251,480005,480000,480000,480000
1786968984.499,480000,480000,480000,479993
1786968984.750,480000,480005,480000,480005
1786968984.981,480005,480005,480000,479993
1786968985.207,480000,480000,480000,480006
1786968985.417,480005,480006,479993,480000
1786968985.621,479993,479993,480000,480000
1786968985.856,480000,480000,480000,480000
1786968986.089,480000,479993,480000,480000
1786968986.321,480000,480000,480000,480000
1786968986.548,480000,479993,480006,480000
1786968986.777,480000,480000,480000,480000
1786968987.011,480000,480005,479994,480000
1786968987.249,480000,480000,480006,479993
1786968987.509,480000,480005,480006,480006
1786968987.769,480000,480000,480000,480000
1786968987.998,480000,480000,480000,480000
1786968988.234,480000,480000,480000,480000
1786968988.501,479993,480005,480000,479993
1786968988.735,480000,480000,480005,480000
1786968988.978,479994,480000,480000,480000
1786968989.240,480000,480006,480000,480000
1786968989.495,479994,480000,480000,479993
1786968989.722,480000,480000,479993,480000
1786968989.949,480000,480000,480000,480000
1786968990.183,480000,480000,480000,479993
1786968990.447,480000,479993,480006,479993
1786968990.710,480000,480000,480006,480000
1786968990.941,480000,480000,480000,480000
1786968991.169,480005,480000,480000,480000
1786968991.402,480000,480006,480012,480000
1786968991.631,480000,480000,479993,480000
1786968991.867,480000,480000,479993,480000
1786968992.098,480000,480000,479994,480000
1786968992.376,479994,480000,480006,479993
1786968992.605,480000,480005,480000,480012
1786968992.841,480006,480000,480000,480000
1786968993.083,480000,480000,480000,480000
1786968993.317,480000,480000,480000,480000
1786968993.587,480000,480000,479993,480000
1786968993.820,480000,480000,480000,480000
1786968994.053,480006,480000,480000,480006
1786968994.284,480000,480000,480000,480006
1786968994.526,480000,480000,480000,480000
1786968994.756,480000,480000,480000,480005
1786968995.015,480000,480000,480000,480000
1786968995.290,480000,480000,480000,480006
1786968995.522,480000,480000,480000,480000
1786968995.754,480000,479994,480000,479994
1786968995.977,480000,480000,480000,480006
1786968996.208,479993,480000,480000,480000
1786968996.445,479993,480000,480000,480000
1786968996.683,480000,480000,479993,480000
1786968996.931,480006,480000,479994,480000
1786968997.163,480000,480000,480000,479994
1786968997.397,480000,480000,479993,480000
1786968997.634,480000,479994,480000,480000
1786968997.865,480000,479994,480005,480000
1786968998.128,480000,480006,480000,480000
1786968998.390,480000,480000,480000,479993
1786968998.619,480000,480006,480000,480000
1786968998.845,480000,480000,480000,480006
1786968999.076,480000,480000,479994,479993
1786968999.319,480000,480005,480006,479993
1786968999.537,479993,480000,479993,480000
1786968999.777,480000,480000,480000,480000
1786969000.039,480000,480000,480000,480000
1786969000.276,480000,479994,480000,480000
1786969000.521,480005,480000,480000,480000
1786969000.748,480000,480000,480000,479994
1786969000.985,480000,480000,480000,479994
1786969001.248,480000,480005,480000,480000
1786969001.499,480000,480000,480012,480000
1786969001.728,480000,480000,480000,479994
1786969001.954,480000,480000,480000,480000
1786969002.186,480000,480000,480000,479994
1786969002.425,480000,480000,480005,480000
1786969002.664,480000,480000,480005,480000
1786969002.905,480006,480005,480000,480000
1786969003.138,480000,480000,480005,480000
1786969003.366,480000,480000,480000,480000
1786969003.594,479994,480000,480000,480000
1786969003.813,480000,480000,480000,480000
1786969004.047,480000,480000,479993,479994
1786969004.312,480000,480000,480000,480000
1786969004.557,480006,480000,479993,480005
1786969004.791,480000,480000,480005,479994
1786969005.021,480000,480000,480000,480000
1786969005.255,480000,480000,479993,480000
1786969005.559,480000,480000,480000,480000
1786969005.817,480000,479993,480006,480000
1786969006.050,480006,480000,480000,480000
1786969006.289,480000,480000,480006,480000
1786969006.523,480000,480000,480000,479994
1786969006.763,480000,479993,480000,480000
1786969007.013,480006,480000,480000,480000
1786969007.266,480000,480000,480000,480000
1786969007.533,480005,480000,480005,480000
1786969007.765,479993,480000,480000,480000
1786969007.999,480000,480000,480005,480006
1786969008.228,480000,480000,480000,480000
1786969008.462,480000,480000,480006,480000
1786969008.696,480000,480006,479993,480000
1786969008.929,480005,480000,480005,480000
1786969009.161,480000,480005,479993,480000
1786969009.390,480005,479993,480000,480000
1786969009.635,480000,480000,480000,480000
1786969009.869,480000,480000,479993,480000
1786969010.113,480000,480000,480000,479993
1786969010.353,480000,480000,480005,480000
1786969010.590,480000,479994,480000,480000
1786969010.813,480000,480000,480000,480000
1786969011.045,480000,480000,479994,480000
1786969011.274,480000,480000,480005,480005
1786969011.560,480000,480000,479994,480000
1786969011.799,480000,480000,480000,480000
1786969012.029,480000,480000,480000,480000
1786969012.252,480000,480000,480000,479994
1786969012.500,480000,479994,480000,480000
1786969012.737,480000,480000,479993,480000
1786969012.978,480000,480000,480000,480000
1786969013.222,480000,480000,480000,480000
1786969013.490,480000,480006,480000,480006
1786969013.719,480000,480000,480000,480000
1786969013.950,480000,480000,479993,480000
1786969014.183,480000,480000,479994,480005
1786969014.426,479993,480000,480000,479993
1786969014.661,480000,480000,480000,480000
1786969014.895,479993,480006,480000,480000
1786969015.125,480000,480000,479994,480000
1786969015.361,480000,480000,480000,480000
1786969015.591,480000,479994,480000,480000
1786969015.819,480000,480000,480000,480000
1786969016.081,480006,480000,480000,480000
1786969016.337,480000,479993,480000,480000
1786969016.576,480000,480005,480000,480000
1786969016.805,480000,480000,480000,480005
1786969017.037,480005,480000,480000,480005
1786969017.284,480000,480006,480000,480000
1786969017.575,480006,480000,480000,480000
1786969017.819,480005,480000,479993,480000
1786969018.058,480000,480000,480000,480000
1786969018.289,480000,480000,480000,480000
1786969018.518,480000,480000,479993,480000
1786969018.746,480000,480000,480000,480000
1786969018.976,480005,479993,480006,480000
1786969019.232,479994,480000,480000,480000
1786969019.470,480000,480006,480000,479994
1786969019.702,480000,480000,480000,480000
1786969019.933,480000,480000,480000,479993
1786969020.157,480005,480000,480000,480006
1786969020.391,479993,480006,480000,480000
1786969020.645,480005,480000,480000,479994
1786969020.902,480000,480006,480000,479994
1786969021.131,480000,479994,480000,480000
1786969021.361,480000,480000,480000,480000
1786969021.597,480006,480000,479993,480000
1786969021.830,480000,480005,480000,480000
1786969022.078,480000,480000,480000,480000
1786969022.334,479994,480000,480000,480000
1786969022.567,480000,480006,480000,480000
1786969022.805,480000,480000,480000,479994
1786969023.048,480000,480000,480000,480000
1786969023.277,480000,480000,480000,480000
1786969023.561,480000,480000,480000,480000
1786969023.811,480000,480006,480000,480006
1786969024.045,480000,480006,480000,480000
1786969024.292,480000,480000,480000,480000
1786969024.555,480000,480006,480000,480000
1786969024.785,480000,480000,479993,480000
1786969025.032,480006,480005,480000,480000
1786969025.289,480000,480000,480006,480005
1786969025.529,480000,480006,480006,480011
1786969025.761,480000,480000,479994,480006
1786969025.982,480000,480000,480000,480000
1786969026.219,480000,480005,480000,480000
1786969026.464,480000,479994,480000,480000
1786969026.719,480000,480000,479993,479993
1786969026.955,480000,479994,480006,480000
1786969027.191,479994,480000,479994,480000
1786969027.424,480000,480000,479993,480000
1786969027.666,480006,480000,480000,479993
1786969027.895,480000,480000,480000,480000
1786969028.146,480005,480005,480000,480000
1786969028.384,480000,480000,480000,480000
1786969028.618,479994,480000,480000,480000
1786969028.849,480006,480000,479993,480005
1786969029.084,480000,480000,480000,480000
1786969029.337,480000,480006,480006,480000
1786969029.579,480000,480000,480000,480000
1786969029.809,480000,479993,479994,480000
1786969030.043,480000,480000,480000,480000
1786969030.267,480000,480005,480000,480000
1786969030.493,480000,480000,480000,480000
1786969030.722,480006,479994,480000,479994
1786969030.984,480000,480000,480000,480000
1786969031.248,480000,479988,480000,479988
1786969031.481,480005,480000,480000,480000
1786969031.714,480000,480000,480000,480000
1786969031.946,480006,479993,480000,479993
1786969032.180,480000,480000,480000,480000
1786969032.436,480000,480000,480000,480000
1786969032.662,480000,480000,480000,480006
1786969032.826,480000,480000,480000,479932
1786969032.990,480000,480000,480000,480000
1786969033.153,620426,1309176,480000,480000
1786969033.317,480000,479993,480000,480000
1786969033.479,480000,480000,480000,480000
1786969033.641,480000,788506,480000,480000
1786969033.803,480006,480005,480000,480000
1786969033.971,572762,1436548,480000,480000
1786969034.135,480000,480000,480000,480000
1786969034.295,480000,480000,480000,480000
1786969034.459,480000,554498,480000,480005
1786969034.620,480000,480000,480000,480000
1786969034.783,480000,1241189,480009,479994
1786969034.946,480000,480000,480000,480000
1786969035.107,480000,480005,480000,480000
1786969035.271,480000,480000,480000,480000
1786969035.441,480000,480000,480000,527261
1786969035.605,480000,556725,480000,480000
1786969035.765,480000,480000,1041780,480000
1786969035.927,479993,480000,480000,480000
1786969036.091,480000,1028778,480000,480000
1786969036.251,480000,480000,480005,480006
1786969036.417,480000,480005,480000,480005
1786969036.582,480000,480000,479982,480000
1786969036.745,833658,1366704,480000,480000
1786969036.909,480000,480000,480000,480000
1786969037.070,480000,559609,480000,480017
1786969037.232,480000,570995,480000,480000
1786969037.395,480000,480000,595671,755360
1786969037.556,498304,680038,480000,480000
1786969037.720,480000,480000,480000,480005
1786969037.890,480000,480000,480000,480000
1786969038.053,480000,480000,480000,480000
1786969038.216,480000,480000,480000,743121
1786969038.376,479992,778545,480000,480000
1786969038.540,480000,480000,592713,564861
1786969038.702,480000,801682,480000,480000
1786969038.864,480000,826945,480000,480000
1786969039.027,480000,480000,479994,479994
1786969039.194,480000,480000,480000,480000
1786969039.358,480000,480000,480000,1092318
1786969039.520,480000,480000,480000,609427
1786969039.683,480000,480000,600630,544728
1786969039.846,480000,480006,833203,1162177
1786969040.009,479992,659243,480000,480000
1786969040.173,480006,480000,575340,1159668
1786969040.341,480000,479993,480000,480000
1786969040.509,480000,480000,480000,479981
1786969040.673,480000,480000,480000,1515960
1786969040.834,480000,480000,480000,480000
1786969040.996,519310,480005,480000,480000
1786969041.157,480000,480000,480000,650208
1786969041.319,480000,480000,480000,480000
1786969041.482,480000,480000,480000,480000
1786969041.646,480000,480005,480000,480000
1786969041.811,480000,480000,480000,480000
1786969041.975,480000,480000,480000,480000
1786969042.138,479938,480000,480000,480000
1786969042.299,480000,480000,480000,480000
1786969042.462,480000,480000,480000,1308279
1786969042.622,522410,674700,480015,480000
1786969042.786,479994,480000,553280,743571
1786969042.946,480000,480000,480018,480000
1786969043.109,480000,480000,480000,480000
1786969043.274,480000,480000,480000,480000
1786969043.437,480000,480000,660956,480000
1786969043.599,766968,808016,480000,479993
1786969043.760,480000,479994,529024,480000
1786969043.923,480000,480000,480000,480005
1786969044.083,480000,480000,479994,539526
1786969044.246,480000,480000,480000,479994
1786969044.413,480000,480000,480000,480000
1786969044.576,480000,480000,480000,479993
1786969044.739,759800,609343,506718,480000
1786969044.900,480000,479946,480000,480000
1786969045.061,480000,480000,479993,663949
1786969045.224,479994,480000,479993,480000
1786969045.385,480000,480000,480000,480000
1786969045.545,480000,480000,480000,480000
1786969045.713,479994,480000,480000,479994
1786969045.876,480000,480000,726248,480000
1786969046.038,480000,480000,769022,480000
1786969046.199,568759,480000,480000,480000
1786969046.361,480000,480000,480000,480000
1786969046.523,480000,480000,480000,480000
1786969046.686,480000,480000,480000,480000
1786969046.847,480000,480000,480006,480000
1786969047.012,480000,480000,480000,480000
1786969047.175,480000,480000,480000,480000
1786969047.338,480005,480000,480000,480000
1786969047.500,480005,480000,538920,578931
1786969047.660,480000,480000,480000,480000
1786969047.821,480000,480000,480000,555010
1786969047.983,480000,480000,480000,480000
1786969048.145,480000,480000,480000,480000
1786969048.310,480005,480000,480000,480000
1786969048.475,480000,480000,480000,480000
1786969048.638,480000,480012,480000,480000
1786969048.799,480000,933198,480000,480000
1786969048.963,480000,480000,480000,480000
1786969049.124,480000,480000,480000,480000
1786969049.284,480000,480000,480000,480000
1786969049.449,480000,479994,480000,480000
1786969049.616,480000,480000,480000,479993
1786969049.778,575137,1032610,480000,480000
1786969049.938,480000,480000,479994,480000
1786969050.100,480000,480000,480000,480000
1786969050.261,480000,480000,725550,1087914
1786969050.425,480000,596199,480000,548305
1786969050.586,480000,480000,480000,480000
1786969050.747,480006,480000,480000,480000
1786969050.913,480006,480000,480000,480000
1786969051.076,480005,480000,606069,480000
1786969051.237,480000,1174894,480000,480000
1786969051.400,480000,1175673,480000,480000
1786969051.562,480000,480000,480000,480000
1786969051.725,541763,655005,480000,480000
1786969051.887,480000,480000,480005,480000
1786969052.048,480000,480000,480000,480000
1786969052.213,480000,480000,479991,480000
1786969052.374,480000,480000,670362,851606
1786969052.535,479974,480000,480000,480000
1786969052.695,480000,480000,480000,480000
1786969052.858,480000,480000,479993,794730
1786969053.019,480006,480000,556699,735124
1786969053.181,480000,480000,480000,480000
1786969053.347,480000,480000,480000,480000
1786969053.515,480000,479994,480000,480000
1786969053.676,479993,480000,480000,480000
1786969053.837,480000,480000,480000,479994
1786969054.000,480000,480000,480000,480000
1786969054.161,543199,926194,480000,480000
1786969054.325,480000,480000,842219,839590
1786969054.485,480000,813161,480000,480000
1786969054.649,480000,479993,480000,480000
1786969054.813,480000,861003,480000,480000
1786969054.976,479994,480000,480000,480000
1786969055.139,480071,480000,480000,480000
1786969055.299,480000,480000,480000,480000
1786969055.467,480000,480000,480000,480016
1786969055.626,480000,480000,480000,480000
1786969055.790,480000,480000,480000,480000
1786969055.952,480000,480000,480000,480000
1786969056.120,662067,631778,480000,480000
1786969056.284,479989,480000,480006,480006
1786969056.448,480000,480000,586551,597986
1786969056.608,480005,480000,600793,638712
1786969056.770,480000,480000,480000,480000
1786969056.931,480005,480000,798292,480000
1786969057.093,480000,724380,480000,480000
1786969057.253,480000,480000,480000,480000
1786969057.419,480000,480000,480000,480000
1786969057.581,480000,480000,480006,849178
1786969057.744,480000,480000,480006,480014
1786969057.906,480000,479994,480000,480000
1786969058.070,480000,1182859,480000,480000
1786969058.232,480000,480000,480000,480000
1786969058.393,480000,646260,480000,480000
1786969058.555,480000,480000,480000,480000
1786969058.724,479993,480000,480000,480000
1786969058.888,480000,480000,802226,480000
1786969059.051,480000,519670,480000,480000
1786969059.214,480000,480000,480000,712725
1786969059.378,480000,480000,480000,480000
1786969059.541,480000,1015974,480000,480000
1786969059.700,480000,480000,480000,480000
1786969059.859,480000,480000,480000,480000
1786969060.024,480000,480000,480000,480000
1786969060.187,480000,480000,480000,480000
1786969060.349,480000,480000,480000,480000
1786969060.515,480000,480006,480000,618959
1786969060.677,626043,1010679,480000,480000
1786969060.838,748789,480000,480000,479993
1786969061.002,480000,480000,480000,537432
1786969061.163,480000,479994,480000,480006
1786969061.331,480000,479994,480000,480000
1786969061.496,480000,480000,480000,841290
1786969061.658,480000,480000,480000,480000
1786969061.820,480000,725891,480000,480000
1786969061.982,480000,480000,1600000,1385464
1786969062.142,480000,951407,480000,480000
1786969062.306,557201,480000,480000,480000
1786969062.469,480000,480000,480005,480000
1786969062.634,480005,480000,480000,480000
1786969062.802,480000,480000,480000,480000
1786969062.963,480000,480000,480000,480000
1786969063.125,480000,480000,480000,479977
1786969063.284,480000,480000,480000,480000
1786969063.449,480000,480000,596064,930955
1786969063.611,480000,480006,745788,878690
1786969063.772,480000,480000,480000,480000
1786969063.939,480000,480000,480000,480000
1786969064.105,480000,480000,480000,585052
1786969064.264,480000,675432,480000,480000
1786969064.429,480000,480000,480000,480000
1786969064.590,479993,480000,480000,480000
1786969064.750,480000,737602,480000,480000
1786969064.914,480000,480000,480000,480000
1786969065.077,479994,480000,479993,480000
1786969065.242,480000,480000,480000,480000
1786969065.411,480000,841647,480000,480000
1786969065.571,480000,480000,480000,625192
1786969065.732,936253,909249,567503,480005
1786969065.897,480000,480000,480000,596245
1786969066.059,1253487,1252962,480000,839068
1786969066.221,480000,480000,480000,480000
1786969066.383,480000,480000,480000,480000
1786969066.548,480000,480006,480005,480000
1786969066.713,479993,480000,480000,480000
1786969066.875,480000,480000,480000,480000
1786969067.038,480000,480005,794881,851163
1786969067.202,480000,480000,480000,480000
1786969067.363,480005,480000,480000,815237
1786969067.526,480000,598674,480000,480000
1786969067.686,480000,480000,585263,796573
1786969067.851,480000,479928,480000,480000
1786969068.021,480000,479994,733781,480006
1786969068.183,480000,956046,480000,480006
1786969068.345,480000,480000,480000,480000
1786969068.510,480000,479958,480000,480000
1786969068.670,480000,480000,740024,480000
1786969068.832,557549,947655,480000,480000
1786969068.994,480000,480000,480000,480000
1786969069.157,480000,480000,480000,480000
1786969069.321,480000,480000,480000,480000
1786969069.485,480000,480000,480000,694466
1786969069.644,480000,487962,480000,480022
1786969069.801,479993,480000,624706,479993
1786969069.962,480000,480000,480000,480000
1786969070.121,480000,480000,480000,480000
1786969070.282,480000,480000,480000,480000
1786969070.448,480000,480000,480006,480000
1786969070.616,480000,479994,789174,480000
1786969070.777,480000,480000,480000,480000
1786969070.937,480000,480000,480000,480000
1786969071.098,480000,480000,480000,479994
1786969071.258,1052854,1117434,479993,480000
1786969071.423,480000,480000,479993,480000
1786969071.584,480000,480000,480000,1016457
1786969071.746,480000,479993,480000,480000
1786969071.913,480000,480000,604102,995832
1786969072.074,480000,480000,595563,750745
1786969072.237,480000,480000,480000,480021
1786969072.396,480000,480000,480000,480000
1786969072.559,480000,480000,480000,480000
1786969072.720,1348497,1107762,480000,480000
1786969072.883,480000,480000,480000,480000
1786969073.047,480000,480000,480000,480000
1786969073.212,480000,480000,480000,480000
1786969073.375,480000,479974,480000,480000
1786969073.536,480000,480005,480000,480000
1786969073.696,480000,1052940,479994,480000
1786969073.857,480000,480000,480000,480000
1786969074.018,480000,645092,480000,480000
1786969074.179,480000,480005,480000,1344632
1786969074.341,480000,480000,480000,480000
1786969074.505,480000,479993,598961,1486041
1786969074.670,480000,480000,480000,480000
1786969074.832,480000,480000,480000,479994
1786969074.994,583023,837706,480000,480005
1786969075.158,480000,480000,480000,879601
1786969075.321,480000,480000,480000,480000
1786969075.485,480000,479993,480000,752946
1786969075.648,480000,480005,479994,480000
1786969075.814,480000,480000,480000,479966
1786969075.977,480000,480005,480000,480000
1786969076.141,480000,480000,480000,480000
1786969076.302,480000,480000,480000,480000
1786969076.467,480000,480000,480000,604804
1786969076.629,480000,480000,479993,480000
1786969076.791,480000,480005,480000,480000
1786969076.955,480000,480000,480000,480000
1786969077.117,480000,480000,480000,480000
1786969077.280,480000,480000,480000,480000
1786969077.448,575105,861720,480000,480000
1786969077.609,480000,480000,748495,843245
1786969077.772,480000,517013,480000,480000
1786969077.931,480000,480019,480000,480000
1786969078.093,480000,480000,480000,480000
1786969078.256,479993,480000,480000,480000
1786969078.420,480000,480000,480000,480000
1786969078.582,480000,837749,480000,480000
1786969078.745,480000,479915,480000,480000
1786969078.906,480000,480000,767756,613062
1786969079.070,480000,480000,480000,931063
1786969079.230,570187,480000,480000,480000
1786969079.394,479993,480000,798410,1138985
1786969079.556,480000,480000,480000,480000
1786969079.723,480000,480000,480000,480000
1786969079.888,798496,863715,479993,480000
1786969080.050,480000,480000,480000,635626
1786969080.212,480000,480000,480000,480000
1786969080.374,480000,480000,522105,837251
1786969080.535,480005,480000,480000,480000
1786969080.698,480000,480000,596195,572777
1786969080.860,480000,480000,480000,480000
1786969081.028,480000,480000,480000,480000
1786969081.188,480000,704563,480000,480005
1786969081.351,480000,626231,751948,989238
1786969081.511,480000,480000,480000,480000
1786969081.672,479994,480000,1184398,849606
1786969081.835,784716,480000,480000,480000
1786969081.995,480000,480000,535078,548551
1786969082.156,480000,480000,808125,1517628
1786969082.325,480000,480000,480000,480000
1786969082.492,480000,480000,480000,480000
1786969082.652,480000,480000,480000,480000
1786969082.815,480000,480000,480000,480000
1786969082.977,480000,955754,480000,480013
1786969083.138,480000,480000,480000,545089
1786969083.299,480000,480000,480000,480000
1786969083.463,480000,480000,480000,480000
1786969083.631,480000,480000,480000,480000
1786969083.797,480000,480000,480000,480000
1786969083.957,480000,480000,480000,480000
1786969084.119,480000,480000,480000,480000
1786969084.280,480000,480000,480005,480000
1786969084.443,480000,480000,798029,984247
1786969084.603,480000,480000,480000,480000
1786969084.768,480000,480000,480000,480000
1786969084.932,480000,480000,480000,480000
1786969085.097,480000,480000,480000,480000
1786969085.258,480000,480000,480000,480000
1786969085.419,480000,480000,480000,672373
1786969085.582,480000,671505,480000,480000
1786969085.744,480000,480000,480000,480000
1786969085.907,480000,480000,480000,568522
1786969086.068,480000,480000,480000,480000
1786969086.232,480000,480000,480000,479994
1786969086.396,480000,480000,1007425,928162
1786969086.558,480000,480000,480000,480000
1786969086.720,480000,480000,480000,480000
1786969086.883,480000,480000,631697,910148
1786969087.044,480000,480000,480000,480000
1786969087.205,480000,480000,602486,1012005
1786969087.368,480000,480000,480000,480000
1786969087.532,480000,480005,480000,480000
1786969087.695,480000,480000,480000,840071
1786969087.857,480000,480000,816843,830183
1786969088.019,480000,480000,480000,480000
1786969088.181,480000,480000,480000,480000
1786969088.342,480000,480000,538557,1159774
1786969088.503,480000,480000,480000,480000
1786969088.665,480000,480000,480000,480000
1786969088.829,479994,480000,480000,480000
1786969088.991,479984,480000,480000,480000
1786969089.152,480000,480000,508932,612585
1786969089.313,480000,480000,480000,671004
1786969089.475,480000,480000,480000,769701
1786969089.639,479992,491761,480000,480000
1786969089.802,480000,480000,559227,858740
1786969089.964,480000,480005,480000,480000
1786969090.131,480000,480000,480000,480000
1786969090.294,480000,480000,480000,480000
1786969090.455,480000,480000,480000,480005
1786969090.619,747735,862415,480000,480000
1786969090.780,480000,480000,723488,480000
1786969090.940,480000,480000,480000,480000
1786969091.103,480000,479993,740791,480000
1786969091.265,480000,480000,480000,480000
1786969091.442,480000,480000,480000,480014
1786969091.605,480000,480000,480000,792262
1786969091.768,480000,1372817,480000,480000
1786969091.930,571532,564364,480000,556381
1786969092.092,480000,480000,629923,1013589
1786969092.254,480000,480000,480000,480000
1786969092.413,480000,480000,480000,480000
1786969092.575,480000,480000,480000,480000
1786969092.740,480000,480000,534626,596892
1786969092.903,480000,799041,480000,480000
1786969093.064,480000,480000,480000,736779
1786969093.225,577208,1003754,479994,480000
1786969093.388,480000,480000,480000,480000
1786969093.550,480000,480000,691331,480000
1786969093.710,480000,1062464,480000,480000
1786969093.872,480000,480000,480000,480000
1786969094.035,480000,480000,596016,656049
1786969094.197,569545,480000,480000,480000
1786969094.357,591953,632831,480000,480000
1786969094.521,480000,480000,480000,623640
1786969094.685,480000,480000,614956,480000
1786969094.850,598083,1107598,480000,480000
1786969095.012,479993,480000,480000,517806
1786969095.172,480000,480000,480000,480000
1786969095.343,480000,480000,592427,858216
1786969095.506,562523,1238644,480000,480000
1786969095.670,480000,683748,480000,480000
1786969095.831,480000,480000,643966,479993
1786969095.994,480000,604371,480000,480000
1786969096.157,480000,480000,480000,480000
1786969096.324,480006,480000,480000,480000
1786969096.487,480000,480000,480000,480000
1786969096.653,702370,963702,480000,480000
1786969096.817,480000,1057204,479993,480000
1786969096.979,480000,480000,480000,480015
1786969097.142,480000,480000,679658,734179
1786969097.303,480000,480000,480000,480000
1786969097.469,480000,479994,590931,480000
1786969097.632,480000,480000,480005,480000
1786969097.792,480000,480000,480000,480000
1786969097.958,849273,1179435,480000,480000
1786969098.121,480000,480000,480000,480000
1786969098.282,480000,479993,479990,480000
1786969098.450,480000,480000,480000,480000
1786969098.608,480018,480000,480000,480000
1786969098.769,480000,480000,480000,1003905
1786969098.933,480000,480000,480000,480000
1786969099.095,480000,480000,479993,479993
1786969099.262,480000,480000,480000,480000
1786969099.428,480000,480000,480000,1396528
1786969099.587,480000,480000,480000,480000
1786969099.751,480000,480000,494144,895773
1786969099.913,480000,757211,480000,480000
1786969100.076,480000,480000,480000,480000
1786969100.236,480000,480000,713176,480000
1786969100.399,480000,479994,480000,479986
1786969100.563,480000,480000,480000,480000
1786969100.726,480005,479976,745607,598088
1786969100.887,480000,480000,480000,480000
1786969101.046,480000,480000,480000,480000
1786969101.208,480000,480000,566592,540084
1786969101.366,480000,662959,480000,480000
1786969101.529,480000,480000,480000,480000
1786969101.692,480000,480000,480000,480000
1786969101.856,480000,480000,480000,480006
1786969102.022,480000,480000,480000,480000
1786969102.185,480000,480000,480000,479994
1786969102.344,480000,905435,480000,479993
1786969102.507,480000,480000,480000,480000
1786969102.667,480000,480000,480000,480000
1786969102.827,479912,480000,480000,711971
1786969102.990,480000,480000,480000,480000
1786969103.155,480000,480000,480000,480000
1786969103.332,480000,480000,480000,480000
1786969103.495,480000,480000,480000,926920
1786969103.658,480000,480000,480000,480000
1786969103.821,480000,480000,480006,480000
1786969103.984,480000,480000,480000,479864
1786969104.147,480000,479991,480000,480000
1786969104.309,480000,480000,480000,480005
1786969104.479,480000,480000,480000,480000
1786969104.644,574442,853287,480000,479993
1786969104.806,711955,480000,480000,480000
1786969104.968,480000,480000,479995,532701
1786969105.128,480000,480000,480000,479994
1786969105.290,480000,480005,480000,480000
1786969105.458,480000,480000,480000,538135
1786969105.621,480000,480000,480000,480000
1786969105.792,480000,480000,480000,480000
1786969105.960,480000,875615,480000,480006
1786969106.120,480000,480000,480000,480000
1786969106.278,480000,480000,480000,480000
1786969106.444,480000,480000,480000,935379
1786969106.607,480000,480000,480000,480000
1786969106.769,480000,480000,480000,480000
1786969106.930,480000,480000,480000,480000
1786969107.096,480000,480006,480000,480000
1786969107.260,480000,480000,480000,480000
1786969107.423,480000,480000,480000,480000
1786969107.585,480000,480000,480000,480000
1786969107.748,480000,480000,480000,480000
1786969107.911,480000,480000,480000,951108
1786969108.072,480005,480000,480000,480000
1786969108.233,480000,480000,480006,480000
1786969108.399,480000,480000,480000,480000
1786969108.567,558828,990077,480000,480000
1786969108.729,480000,480006,480000,743319
1786969108.894,480000,480000,480000,480000
1786969109.056,480000,939392,480000,480000
1786969109.217,480000,480000,480000,480024
1786969109.378,925182,964072,480000,480005
1786969109.540,480000,480000,480000,479993
1786969109.705,480000,480000,480000,480000
1786969109.870,480000,480000,480000,480000
1786969110.031,480000,985487,480000,480000
1786969110.192,480000,480000,480000,480000
1786969110.354,522528,630758,2560000,480000
1786969110.517,866687,1049864,480000,480006
1786969110.675,480000,480000,480000,480000
1786969110.835,480000,480000,480000,480006
1786969111.000,480000,480000,480000,479994
1786969111.167,480000,480000,683979,873531
1786969111.328,542649,705540,480000,479993
1786969111.490,480000,802107,479993,480000
1786969111.651,479993,480000,735873,766587
1786969111.814,480000,480005,480000,1131152
1786969111.973,480000,1022422,480000,480000
1786969112.136,480000,480000,480000,480000
1786969112.302,480000,480000,480000,480000
1786969112.476,480000,480000,480000,770331
1786969112.639,480000,480000,552215,785071
1786969112.802,480000,809940,480000,480000
1786969112.961,480000,480000,480000,480000
1786969113.125,480000,479993,480000,635354
1786969113.287,480000,480000,480000,480000
1786969113.454,480000,480000,480000,480000
1786969113.619,480000,480000,480000,479993
1786969113.786,480000,480000,480000,480000
1786969113.949,480000,480000,479993,597682
1786969114.108,480000,863684,480000,480000
1786969114.271,479993,480000,480000,816064
1786969114.435,480000,480000,480000,480000
1786969114.599,480000,480000,683248,1050363
1786969114.761,480000,480000,480000,480012
1786969114.926,480000,480000,480000,480000
1786969115.100,480000,480000,665267,480000
1786969115.263,480000,480000,480000,479993
1786969115.427,480000,480000,480000,480000
1786969115.588,480000,480000,480000,931300
1786969115.751,564295,1571618,480000,480000
1786969115.911,480000,480000,480000,576688
1786969116.073,480000,480005,598004,617898
1786969116.237,480000,480000,480000,480000
1786969116.404,480000,480000,734194,480000
1786969116.565,660361,791410,480000,480000
1786969116.727,480000,480000,480022,480000
1786969116.887,480000,480000,480000,480000
1786969117.049,480000,480000,480000,480000
1786969117.209,480000,480000,614097,480000
1786969117.373,480000,480000,480000,480000
1786969117.537,480000,480000,480006,479994
1786969117.705,480000,480000,480000,480000
1786969117.866,480000,480000,480000,480000
1786969118.026,480000,480000,480000,480000
1786969118.187,480000,480000,480000,730806
1786969118.352,480000,480000,480000,480000
1786969118.515,480000,480000,479993,730956
1786969118.676,480000,479993,480000,480000
1786969118.837,480000,480000,480000,480000
1786969119.004,480000,480000,735673,480000
1786969119.166,480000,982556,480000,480017
1786969119.326,480000,480000,741313,863852
1786969119.490,479994,480000,651321,1109110
1786969119.652,480000,480000,763694,879790
1786969119.810,480000,480000,480000,480000
1786969119.971,479994,480000,766041,480000
1786969120.135,480000,480000,480000,479993
1786969120.302,480000,480000,480000,480000
1786969120.473,480000,480000,480000,479994
1786969120.634,480000,480000,480000,480000
1786969120.795,480000,479994,480000,534938
1786969120.955,480000,480000,480000,480000
1786969121.117,480000,480000,480000,590244
1786969121.279,480006,480000,479994,479993
1786969121.447,479994,479994,480000,480000
1786969121.623,480000,480000,1048710,1113192
1786969121.785,479993,480000,480000,480000
1786969121.946,480000,480000,480000,480000
1786969122.107,480000,480000,480000,480000
1786969122.269,480000,479993,479994,480000
1786969122.432,480000,480000,975236,839966
1786969122.594,480000,480006,480000,480000
1786969122.756,1318617,761787,480006,480000
1786969122.924,480000,480000,733377,876096
1786969123.087,643182,1098848,480000,480000
1786969123.248,480000,480000,687086,1465655
1786969123.412,625404,631032,480000,480000
1786969123.574,480000,479993,480000,952932
1786969123.735,480000,923066,480000,480000
1786969123.898,480000,480000,480000,539489
1786969124.060,480000,480000,479994,480000
1786969124.229,480000,480000,720455,882029
1786969124.392,480000,480000,480000,480000
1786969124.553,480000,480000,480000,480000
1786969124.713,480000,480000,480000,480000
1786969124.876,480000,916717,480000,480000
1786969125.037,480000,480000,480000,479994
1786969125.203,480000,480000,480000,1434325
1786969125.366,480005,480000,479994,480006
1786969125.531,480000,480006,641281,1378336
1786969125.693,608504,696022,480000,480000
1786969125.855,480000,480006,480000,480000
1786969126.019,480000,480000,480000,480000
1786969126.180,480000,480000,598476,480000
1786969126.341,480000,1235541,480000,479994
1786969126.501,573118,629824,480000,480000
1786969126.664,479993,480000,480000,480000
1786969126.831,480000,561572,480000,480000
1786969126.995,480000,480000,480000,480000
1786969127.153,480000,480000,480000,642182
1786969127.314,479990,480000,480000,480000
1786969127.478,480000,480000,590380,1370790
1786969127.640,480000,480006,480000,818263
1786969127.802,480000,480000,480000,480000
1786969127.963,480000,480000,480000,480000
1786969128.129,480000,480000,1435537,1154387
1786969128.293,480000,480000,480000,480005
1786969128.457,480000,480000,1066901,569109
1786969128.618,680672,480000,480000,480000
1786969128.779,480000,480000,480000,480000
1786969128.942,480000,480000,480000,480000
1786969129.105,480000,480000,480005,480000
1786969129.268,479994,480000,480000,480000
1786969129.434,480000,480000,480000,480000
1786969129.597,480000,480000,650431,709289
1786969129.759,480000,673981,480000,480000
1786969129.921,480000,480000,480000,480000
1786969130.083,480000,480000,480000,480000
1786969130.246,822437,1248358,480000,480000
1786969130.411,480000,479993,480000,480000
1786969130.575,480000,480000,480000,480000
1786969130.741,480006,480000,480000,480000
1786969130.905,480000,485754,480000,480000
1786969131.064,480000,480000,480000,480000
1786969131.226,480000,480000,480000,480000
1786969131.388,682142,613355,480000,480000
1786969131.552,480000,480000,480000,489160
1786969131.716,593688,706192,480000,480000
1786969131.878,480000,480000,480000,480000
1786969132.045,480000,480000,480000,480000
1786969132.209,480000,1093502,480000,480000
1786969132.371,480000,480000,480000,480000
1786969132.534,480000,480000,480000,480000
1786969132.695,480000,480000,634263,822111
1786969132.854,480000,480000,480000,480000
1786969133.015,480000,480006,480000,480000
1786969133.177,480000,479993,480000,480000
1786969133.343,480005,480000,479984,480000
1786969133.507,480000,480000,480000,480000
1786969133.669,623204,676883,480005,480000
1786969133.834,480000,480000,480000,480000
1786969133.996,480000,480000,480000,480000
1786969134.156,480000,480000,480000,684543
1786969134.318,480006,480000,544661,480000
1786969134.480,480000,480000,479975,480000
1786969134.649,479993,480000,479953,480000
1786969134.813,480000,479933,480000,480000
1786969134.976,480000,480000,480000,480000
1786969135.139,570679,814814,480000,480000
1786969135.302,480000,480000,480006,480006
1786969135.465,480000,480000,480000,480000
1786969135.626,480000,480000,480000,480000
1786969135.788,480000,479992,480000,480000
1786969135.953,480000,480000,480000,480000
1786969136.116,479994,621239,480000,480000
1786969136.278,479993,479994,480000,480000
1786969136.441,480000,480000,480000,560023
1786969136.600,480000,480000,480000,644926
1786969136.762,480000,480000,480000,480000
1786969136.924,601342,480000,480000,480000
1786969137.088,480000,480000,480000,480000
1786969137.253,480000,480000,480006,480000
1786969137.419,1190597,1134741,506062,479993
1786969137.584,480000,761645,480000,480000
1786969137.747,480000,480000,848570,480000
1786969137.908,480000,538823,1600000,480000
1786969138.072,480000,480000,479993,480000
1786969138.233,480000,480000,600229,480000
1786969138.393,480000,480000,480000,479994
1786969138.559,480000,480000,480000,1050191
1786969138.723,480000,479934,480000,480000
1786969138.882,479993,480000,688249,1175146
1786969139.043,480000,480000,480000,480000
1786969139.205,480000,480000,480000,664450
1786969139.367,480006,480000,480000,480000
1786969139.530,748452,480000,480000,480000
1786969139.692,479994,480000,480000,480000
1786969139.857,480000,479994,480000,664654
1786969140.019,480000,480000,480000,480000
1786969140.179,480000,480000,480024,480006
1786969140.339,480000,480005,581867,878575
1786969140.500,782273,840213,480000,480000
1786969140.663,480000,480006,480000,677858
1786969140.824,679327,1015733,480000,480000
1786969140.985,480000,480000,480000,480000
1786969141.146,480000,480000,480000,479988
1786969141.311,480006,480000,480000,479993
1786969141.475,480000,480000,480000,480000
1786969141.635,480000,568470,480000,480000
1786969141.795,480000,480000,480000,480000
1786969141.957,480000,480000,480000,480000
1786969142.120,480000,480000,522970,637659
1786969142.280,480000,480000,480000,480000
1786969142.447,480000,480000,480000,480000
1786969142.612,479993,480000,738169,860110
1786969142.775,480000,604312,480005,480000
1786969142.937,480000,480000,480000,480000
1786969143.099,480000,480000,532081,593975
1786969143.260,480000,480000,480000,480000
1786969143.420,480000,480006,729007,514332
1786969143.584,480000,480000,506944,480000
1786969143.745,480000,480000,480000,480000
1786969143.914,604409,480000,480000,480000
1786969144.073,480000,480000,480000,480000
1786969144.235,480000,480000,480000,480000
1786969144.393,480000,535668,480000,480000
1786969144.557,479983,480000,480000,480000
1786969144.716,480000,480000,632698,480000
1786969144.878,480000,578289,480000,480006
1786969145.042,480000,480000,480000,480005
1786969145.207,480000,480000,480000,480000
1786969145.370,480000,480000,480000,480000
1786969145.530,479993,480000,480000,726732
1786969145.692,505538,480000,480000,479993
1786969145.854,480000,793167,480000,480000
1786969146.016,480000,480000,524962,864465
1786969146.179,613543,957204,480000,480000
1786969146.343,480000,480000,480000,480000
1786969146.507,480000,480000,480000,480000
1786969146.671,480000,480000,480000,480000
1786969146.834,480000,1099505,480000,480000
1786969146.994,480000,480000,536009,480000
1786969147.155,547449,997811,480000,480000
1786969147.316,480000,480000,638494,726596
1786969147.480,480000,480000,480000,480000
1786969147.642,480000,480000,480000,480000
1786969147.807,480000,518618,479993,480006
1786969147.972,480000,1589192,480000,480000
1786969148.134,480000,480000,480000,480000
1786969148.297,480000,480005,479994,480000
1786969148.459,571388,480000,480000,480000
1786969148.621,479993,480000,523144,480000
1786969148.782,480000,723218,480000,480000
1786969148.946,480005,480005,480000,480006
1786969149.111,480000,480000,480000,480000
1786969149.274,480000,480000,480000,480000
1786969149.438,480000,480000,668058,480000
1786969149.599,480000,480000,480000,480000
1786969149.761,480000,479970,480000,480006
1786969149.920,480000,480000,480000,480000
1786969150.083,480000,480000,480000,479993
1786969150.242,480000,480000,479993,480000
1786969150.409,480000,480000,479993,480017
1786969150.572,480000,480000,480000,1309266
1786969150.733,480000,993887,480000,480000
1786969150.895,480000,480000,480000,644597
1786969151.054,480000,479994,480000,480000
1786969151.215,480000,480000,480006,480000
1786969151.377,480000,480000,480000,480000
1786969151.537,480000,479994,480000,480000
1786969151.702,480000,480000,719954,851835
1786969151.865,480000,480000,480000,480000
1786969152.025,714096,480000,480000,480000
1786969152.185,480000,480000,479994,480000
1786969152.345,480000,480000,480000,613232
1786969152.506,480000,1041206,480000,480000
1786969152.666,480000,480000,480000,521694
1786969152.828,480000,480000,480000,480000
1786969152.992,480000,480000,480013,480000
1786969153.155,480000,480000,480000,479917
1786969153.323,611418,749375,480000,480000
1786969153.487,480000,480000,480000,734049
1786969153.650,480000,480000,480000,480000
1786969153.810,480000,479994,628238,1392248
1786969153.973,802355,711009,480000,480000
1786969154.137,479994,479994,480000,480000
1786969154.302,480000,480000,480000,480000
1786969154.470,480005,1352969,480000,480000
1786969154.633,480000,480000,480000,480000
1786969154.794,480000,480000,692954,852906
1786969154.957,480000,480000,638210,1065381
1786969155.119,480000,772610,480000,480000
1786969155.280,479994,480000,480000,480000
1786969155.445,480000,480000,479993,480000
1786969155.610,480000,480000,480000,480000
1786969155.775,480000,480000,754554,480000
1786969155.937,480000,950445,480005,480013
1786969156.098,479994,480000,480000,480000
1786969156.261,480000,480000,480000,480000
1786969156.427,480000,480000,480000,480000
1786969156.588,480000,480000,480000,480000
1786969156.750,480006,480000,479993,480000
1786969156.915,480000,480000,480000,480000
1786969157.083,480000,480000,480000,480000
1786969157.243,480000,480000,480000,480000
1786969157.406,480000,886134,480000,480000
1786969157.569,480000,480000,480000,480000
1786969157.730,480000,480000,480000,480000
1786969157.891,480000,552865,480000,480005
1786969158.053,480000,480000,480000,480000
1786969158.217,480000,480000,480000,480000
1786969158.380,479993,480000,480000,480000
1786969158.545,480000,480000,738372,1299362
1786969158.708,536880,821227,480000,480015
1786969158.870,480000,480000,852129,480000
1786969159.033,480000,480000,480000,480000
1786969159.198,480000,982327,480000,480000
1786969159.357,480000,480000,1128192,480000
1786969159.521,480000,480000,480000,480000
1786969159.684,901863,1202580,480000,480000
1786969159.843,480000,480000,480000,741699
1786969160.005,480000,922226,480000,480000
1786969160.168,847889,480000,480000,479994
1786969160.336,480000,480000,480000,480000
1786969160.497,480000,480000,634931,480000
1786969160.658,480000,480000,480000,480000
1786969160.820,480005,480000,480000,480000
1786969160.986,479994,480000,480000,553389
1786969161.146,480000,480000,480000,480000
1786969161.306,480006,480000,480000,480005
1786969161.473,480000,479993,480000,480000
1786969161.636,480000,480005,671613,1019094
1786969161.796,480006,480000,479911,480000
1786969161.960,480000,480000,513961,857787
1786969162.124,480000,480000,479994,479993
1786969162.292,480006,480000,480000,480000
1786969162.463,480000,480000,480000,480016
1786969162.628,480000,480000,857089,480000
1786969162.790,480000,480000,480008,636262
1786969162.949,480005,480000,480006,480000
1786969163.112,480000,480000,480000,480000
1786969163.271,480000,480006,480000,479993
1786969163.441,480006,479994,480005,480000
1786969163.609,480000,480000,480000,480000
1786969163.769,673926,479993,480000,480000
1786969163.931,480000,479993,856280,479983
1786969164.093,480000,480000,480000,480000
1786969164.255,480000,480000,480000,480000
1786969164.415,480000,480000,480000,480000
1786969164.577,480005,479994,814134,480000
1786969164.741,480000,480000,480000,480000
1786969164.908,692439,480000,480000,480000
1786969165.067,480000,480000,480000,480000
1786969165.228,480000,479933,480000,480000
1786969165.389,480000,479993,601280,480000
1786969165.550,480000,643973,480000,480000
1786969165.710,480000,480000,926153,750769
1786969165.874,480000,480000,516128,590349
1786969166.036,480000,479987,480000,479990
1786969166.205,480000,480000,480000,480000
1786969166.366,480000,480000,480000,480000
1786969166.527,480000,480005,480000,547295
1786969166.688,480000,731256,479993,480000
1786969166.850,480000,480000,835456,1301844
1786969167.009,480000,480000,480000,725527
1786969167.174,480000,480000,480000,480000
1786969167.339,480000,480000,480000,480000
1786969167.504,479993,480000,944345,767446
1786969167.667,480000,480000,480000,479994
1786969167.828,480000,480000,867641,553965
1786969167.990,480000,480000,480000,480000
1786969168.151,480000,480000,761660,693218
1786969168.313,480000,480000,658081,480000
1786969168.476,480000,480000,480000,480000
1786969168.638,479993,479993,480000,480000
1786969168.804,480000,480000,480000,480000
1786969168.966,480000,480000,480000,480000
1786969169.126,480000,480000,480000,480000
1786969169.286,480006,479994,480000,480000
1786969169.450,480000,480000,480000,480000
1786969169.613,769450,608406,721315,480006
1786969169.773,479945,814419,480000,480000
1786969169.932,480000,480000,480000,480000
1786969170.096,480000,480000,480000,480000
1786969170.260,480000,480000,480000,1386313
1786969170.426,480000,480000,480005,704774
1786969170.590,480000,814293,480000,480000
1786969170.753,480000,480005,480000,1599580
1786969170.915,480000,480000,480000,480000
1786969171.076,480000,833343,480000,531999
1786969171.239,480000,480000,480000,480000
1786969171.405,480000,480000,676985,480000
1786969171.571,480000,480000,480000,480000
1786969171.733,480000,480000,587527,1310077
1786969171.898,479993,618454,480000,480000
1786969172.058,479993,480000,480000,480000
1786969172.220,480000,480000,480000,480000
1786969172.382,480000,480000,480000,480000
1786969172.545,480000,480000,480000,480000
1786969172.710,480000,480000,480000,479993
1786969172.873,480000,480000,480000,480000
1786969173.033,480000,479993,480000,825813
1786969173.197,857303,480000,480000,480000
1786969173.359,480000,480000,480000,480000
1786969173.519,480000,866624,480000,480000
1786969173.678,480000,480000,480000,678973
1786969173.837,480000,480000,480000,480000
1786969173.998,480000,480005,480000,479993
1786969174.165,480000,679781,480000,480018
1786969174.327,480000,480000,596899,1587228
1786969174.489,480000,480000,480000,480000
1786969174.651,840743,1338285,480000,480000
1786969174.812,480000,480000,480000,480000
1786969174.974,480000,480000,480000,480000
1786969175.138,480000,480000,480000,480000
1786969175.302,480006,479993,480000,480000
1786969175.484,480000,480000,480000,578969
1786969175.646,479984,872727,480000,480000
1786969175.806,480000,480000,480000,728386
1786969175.967,480000,480000,480000,764249
1786969176.127,480000,480005,480000,480000
1786969176.291,480000,480000,480000,480000
1786969176.456,480000,480000,480000,480000
1786969176.619,480000,480000,480000,480000
1786969176.785,480000,480000,597169,659756
1786969176.945,480000,480000,1189239,624044
1786969177.106,480000,480000,480000,480000
1786969177.269,480000,480000,480000,480000
1786969177.432,480000,480000,649658,917440
1786969177.594,877768,480000,480000,480000
1786969177.756,480000,809022,480000,480000
1786969177.922,480006,480000,480000,480000
1786969178.088,480000,480000,480000,480000
1786969178.250,480000,480000,480000,480000
1786969178.411,479993,480000,540419,530095
1786969178.573,939285,480000,480000,480000
1786969178.736,480000,480006,480000,480000
1786969178.898,480000,480000,759279,603051
1786969179.063,480000,688079,480000,480000
1786969179.227,480000,479993,479993,480000
1786969179.394,480000,614431,480000,480000
1786969179.557,480000,480000,480000,480000
1786969179.721,480000,480000,783688,1243388
1786969179.882,480000,480000,638401,854729
1786969180.044,479993,627388,480000,480000
1786969180.207,480000,480000,480000,480000
1786969180.367,480000,820604,480000,480000
1786969180.531,480000,480000,480005,480000
1786969180.701,480000,480000,806266,1403944
1786969180.864,480000,595167,480000,480000
1786969181.024,480000,480000,548232,566145
1786969181.183,480000,660450,480000,480000
1786969181.346,480000,480000,480000,480000
1786969181.508,480000,480000,480000,1187162
1786969181.669,480000,480000,480000,480000
1786969181.830,480000,480000,480000,480000
1786969181.999,480000,663063,480000,480000
1786969182.162,480000,480000,480000,565468
1786969182.325,613733,480000,480000,479978
1786969182.489,480000,480000,480000,808012
1786969182.651,480000,480000,480019,480000
1786969182.814,480000,480000,479994,480000
1786969182.976,480000,480000,480000,479971
1786969183.141,480000,480000,480000,480000
1786969183.310,480000,480000,480000,480000
1786969183.477,480000,480000,480000,565826
1786969183.639,480000,479994,480000,693655
1786969183.801,480000,480000,480000,480014
1786969183.963,480000,480000,480006,602765
1786969184.126,480000,480000,480000,480000
1786969184.289,480000,480000,480000,480000
1786969184.454,480000,480000,480000,479993
1786969184.621,480000,480000,480000,480000
1786969184.783,480000,480000,480000,480000
1786969184.942,661171,480000,480000,480000
1786969185.105,479993,480000,657878,480000
1786969185.266,480000,495534,480000,480000
1786969185.433,480000,479993,480000,1069976
1786969185.594,480000,480000,480000,480000
1786969185.757,480000,480000,480000,480000
1786969185.925,480000,480000,480000,480000
1786969186.085,480000,480000,1106513,562637
1786969186.249,479994,480007,576527,719579
1786969186.410,480000,886815,480000,480000
1786969186.574,480000,480000,480000,480000
1786969186.737,480000,480000,705647,663672
1786969186.897,480000,1519100,480000,479993
1786969187.061,479994,480000,479993,480000
1786969187.230,718226,798553,480000,480000
1786969187.390,480000,480000,479994,480000
1786969187.550,480000,480000,480000,929247
1786969187.712,480000,479993,480000,1377373
1786969187.873,480000,480000,480000,480000
1786969188.036,480000,480000,480000,932711
1786969188.198,480000,480000,915530,755247
1786969188.363,480000,480000,480000,480000
1786969188.537,480000,480000,480000,480000
1786969188.698,480000,780825,480000,480000
1786969188.861,480000,480000,480000,492968
1786969189.025,480000,480000,480000,480000
1786969189.184,480000,480000,480000,683066
1786969189.346,480000,480000,480000,480000
1786969189.507,480000,480000,480000,480000
1786969189.667,480000,480006,479993,480000
1786969189.835,480000,480000,731488,758529
1786969189.998,480000,480000,794795,1296187
1786969190.159,480000,480000,480000,480000
1786969190.322,480000,480000,619712,741478
1786969190.485,480000,480000,480000,480000
1786969190.646,480000,480000,480000,819341
1786969190.809,479994,480000,480000,480006
1786969190.973,480000,480006,480000,480000
1786969191.139,480000,1031854,480000,480000
1786969191.302,480000,480000,479985,480000
1786969191.464,480000,480000,491710,737418
1786969191.625,480000,754244,480000,480000
1786969191.786,480000,479993,480000,815143
1786969191.949,480000,480000,526301,654964
1786969192.112,480000,924107,480000,480000
1786969192.275,480000,480000,480000,480000
1786969192.442,480005,480000,480000,480000
1786969192.605,480000,480006,480000,1413637
1786969192.764,480000,480000,480000,479993
1786969192.926,480000,480000,589521,724515
1786969193.090,480000,480000,568543,480000
1786969193.252,515189,480000,480000,479993
1786969193.416,480000,480000,480000,777254
1786969193.578,480000,480000,480000,480000
1786969193.739,480000,480000,480000,480000
1786969193.902,480000,480000,480000,480000
1786969194.062,480000,781022,480000,480000
1786969194.225,480000,639809,480000,480000
1786969194.388,480000,479994,705562,970100
1786969194.550,480000,480000,480000,480000
1786969194.713,480000,480000,480000,636069
1786969194.872,480000,480000,480000,480000
1786969195.040,480000,480000,480000,480000
1786969195.202,480000,480000,480000,479993
1786969195.365,480000,480000,480000,792197
1786969195.529,480000,480000,479993,480000
1786969195.686,480000,480000,480000,480000
1786969195.847,480000,480000,480000,716713
1786969196.007,480000,480000,480000,480000
1786969196.170,480000,480000,480000,480000
1786969196.338,480000,811393,480000,480000
1786969196.502,480000,480000,480000,480000
1786969196.664,480000,480000,480000,480000
1786969196.826,542609,1291680,480000,480000
1786969196.988,480000,480000,480000,480000
1786969197.151,480000,480000,480000,479993
1786969197.312,480000,480000,480000,480000
1786969197.474,480000,480000,480000,480000
1786969197.638,480000,480005,872509,864277
1786969197.804,480000,480000,480000,480006
1786969197.965,480000,480000,480000,480000
1786969198.127,480000,480000,480000,479994
1786969198.289,480000,480000,480000,480000
1786969198.454,480000,480000,479993,612929
1786969198.615,479989,480000,480000,480000
1786969198.776,480000,480000,480000,480000
1786969198.941,480000,480000,480005,480000
1786969199.103,480000,480000,480000,761515
1786969199.266,479993,479990,480000,480000
1786969199.427,480000,480000,480017,480000
1786969199.590,480000,480000,480000,680769
1786969199.750,480000,739885,480000,480000
1786969199.914,480000,480000,602796,1224682
1786969200.078,480006,480000,479994,480000
1786969200.243,480000,480000,480000,480006
1786969200.406,480000,480000,480000,1303857
1786969200.570,480000,1108406,480000,480000
1786969200.731,480000,480000,480000,630943
1786969200.893,480000,480005,663350,915179
1786969201.055,480000,480000,679374,847851
1786969201.215,589312,480000,480000,479993
1786969201.376,480000,480000,480000,480000
1786969201.540,480000,480000,618811,1118093
1786969201.703,480000,480000,479992,741816
1786969201.863,480000,479992,480000,480000
1786969202.024,480000,480000,721541,480000
1786969202.186,480000,480000,480000,480000
1786969202.349,480000,557048,480000,480000
1786969202.512,480000,480000,480000,480000
1786969202.677,480006,480000,480000,480000
1786969202.841,480000,480000,480000,480000
1786969203.006,480000,480000,480000,480000
1786969203.166,480000,480000,480000,480000
1786969203.331,610585,1091237,480000,479993
1786969203.492,479994,835884,480000,480000
1786969203.653,480000,480000,480000,774031
1786969203.816,480000,480000,480000,479993
1786969203.975,480005,480000,1151970,480000
1786969204.142,480000,480005,480000,480000
1786969204.305,480000,480000,480000,480000
1786969204.469,602854,1012784,480000,480000
1786969204.630,480000,480000,480000,729628
1786969204.790,739519,479993,480000,480000
1786969204.952,480000,480000,2560000,480000
1786969205.115,479994,480000,581090,718632
1786969205.277,480000,480000,480000,480000
1786969205.455,480000,480000,480000,480000
1786969205.623,480000,480000,480000,480000
1786969205.785,480000,479993,596410,632122
1786969205.948,480000,480000,480000,480000
1786969206.111,480000,480000,480000,480000
1786969206.272,480000,547448,479993,480000
1786969206.436,480000,480000,480000,480000
1786969206.597,480000,480005,480000,480000
1786969206.764,479994,480000,479994,479982
1786969206.929,480000,480000,480000,480011
1786969207.090,480000,480000,480000,794120
1786969207.250,480000,480000,480000,480006
1786969207.414,480000,480000,1599706,1330346
1786969207.579,480000,1073670,480000,480000
1786969207.739,480000,480000,480000,757724
1786969207.902,480000,480000,480000,480000
1786969208.068,479994,480000,480000,480000
1786969208.233,480000,480000,480000,480000
1786969208.391,480000,480000,480000,480000
1786969208.554,480000,480000,740466,874278
1786969208.717,480000,480000,480000,480000
1786969208.879,480000,480000,480000,543697
1786969209.040,480000,480000,480000,480000
1786969209.201,480000,480000,480000,480006
1786969209.365,480000,480005,479993,480000
1786969209.528,480000,479994,626932,480000
1786969209.690,480000,480000,480000,480000
1786969209.851,480000,480000,480000,838907
1786969210.011,480000,480000,480000,480000
1786969210.173,480000,480000,480000,480000
1786969210.338,480000,480000,480000,480016
1786969210.500,479994,480000,480000,1572602
1786969210.667,480000,480000,480000,480000
1786969210.835,480000,480000,480000,519859
1786969210.999,480000,480000,480000,480000
1786969211.162,480000,480000,602058,480000
1786969211.326,480000,480000,480000,587324
1786969211.488,480006,480000,480000,480000
1786969211.651,480000,480000,480000,811108
1786969211.813,479994,480000,480000,479994
1786969211.979,480000,480000,480000,480005
1786969212.146,479993,480000,736821,480000
1786969212.312,480000,733889,480000,480000
1786969212.479,479994,480000,796605,1081914
1786969212.641,651801,480000,480000,480000
1786969212.800,699231,897623,480000,480000
1786969212.964,480000,480000,480000,480000
1786969213.126,480000,479993,480000,480000
1786969213.294,480006,480000,480000,480000
1786969213.467,480000,480000,480000,480000
1786969213.628,480000,480000,480000,480000
1786969213.792,541442,951227,480000,480000
1786969213.954,480000,479975,480000,688464
1786969214.115,480000,480000,480000,759851
1786969214.279,480014,480000,480000,479992
1786969214.444,480000,480000,480000,480000
1786969214.608,480000,480000,480000,480000
1786969214.779,480000,480000,480000,480000
1786969214.942,480000,480000,777974,861444
1786969215.104,480000,733467,480000,480005
1786969215.267,480000,480000,480000,480000
1786969215.431,480000,480000,613505,646794
1786969215.594,480000,1156149,480000,480000
1786969215.758,480000,480000,480000,480000
1786969215.924,480005,480000,480000,480000
1786969216.090,480000,480000,923388,840507
1786969216.252,480000,480000,480006,480000
1786969216.418,480005,480000,480000,480000
1786969216.579,480000,480018,480000,480000
1786969216.740,480000,480000,480000,480005
1786969216.901,480000,480000,480000,480000
1786969217.062,480000,480000,480000,480000
1786969217.228,480000,480000,480000,480000
1786969217.397,480000,824881,479994,480019
1786969217.560,480000,480000,480000,732889
1786969217.723,480000,480000,480000,480005
1786969217.885,480000,480000,480000,480000
1786969218.045,480000,480000,480000,480000
1786969218.207,480000,480000,778496,555528
1786969218.368,480000,480000,480000,480000
1786969218.533,480000,480005,480000,480000
1786969218.698,480000,480000,599888,1218600
1786969218.858,480000,480000,480000,480000
1786969219.018,480000,480000,480000,480000
1786969219.180,480000,480000,480000,480000
1786969219.342,480000,480000,480000,607350
1786969219.506,480000,480000,480000,480006
1786969219.666,480000,480000,480000,480000
1786969219.830,480000,480000,480000,480000
1786969219.995,480000,480000,480000,480006
1786969220.159,480000,626025,480000,480000
1786969220.321,480000,480000,719977,480000
1786969220.484,480000,480000,480000,480000
1786969220.647,480000,480000,480000,480000
1786969220.808,480000,480000,480000,480000
1786969220.971,480000,685443,479979,480006
1786969221.136,480000,480000,480000,480000
1786969221.303,480000,480000,480000,480000
1786969221.467,480000,480000,480000,480000
1786969221.626,479994,480000,728464,480000
1786969221.789,569893,480000,480000,480000
1786969221.953,479994,480000,480000,690915
1786969222.116,480000,480000,480000,480000
1786969222.277,480000,480000,480000,480000
1786969222.445,480000,480000,479994,480000
1786969222.610,616364,835274,480000,480000
1786969222.772,480000,480000,480000,480000
1786969222.933,480000,479994,656865,658703
1786969223.094,480006,480000,480000,480000
1786969223.256,480000,480000,480000,480000
1786969223.418,480000,1373362,480000,480000
1786969223.580,480000,480000,542046,661818
1786969223.744,480000,480000,480000,480000
1786969223.911,480006,480000,681089,738732
1786969224.074,480005,480000,688606,842051
1786969224.239,480000,1190982,480000,480000
1786969224.399,480000,665767,479994,480000
1786969224.565,480006,480000,597122,1077764
1786969224.726,740562,872010,480000,480000
1786969224.889,480000,480000,774097,480000
1786969225.053,480000,480000,480005,480000
1786969225.222,480000,480000,805203,812883
1786969225.383,480000,1071690,480000,480000
1786969225.545,480000,480000,480000,480000
1786969225.706,480000,480005,480000,480000
1786969225.868,480006,480000,641174,856934
1786969226.030,480000,480000,525957,620915
1786969226.192,480000,480000,480000,480000
1786969226.356,480000,480000,480000,480000
1786969226.525,480000,480000,480000,480000
1786969226.687,480000,480000,480000,480006
1786969226.848,480000,480000,831280,780135
1786969227.011,480000,480000,480000,480000
1786969227.174,647797,480000,480000,480000
1786969227.337,480000,480000,640388,1505746
1786969227.499,480000,480000,480000,559451
1786969227.664,480019,480000,480000,480000
1786969227.835,480000,480000,479942,480000
1786969227.996,480000,731166,480000,480000
1786969228.159,480000,480000,480000,480000
1786969228.322,480000,480006,686925,480000
1786969228.485,480000,480000,480000,480000
1786969228.645,480000,841895,480000,480000
1786969228.807,480006,480000,479994,480000
1786969228.970,480000,480000,480000,480000
1786969229.139,480000,480000,480000,480000
1786969229.299,480000,479994,480000,480000
1786969229.469,480000,480000,480000,480000
1786969229.629,480000,480000,480000,480000
1786969229.791,480005,480000,732721,875825
1786969229.953,480000,480000,480000,1473851
1786969230.115,480000,480000,480000,480000
1786969230.277,479993,480000,480000,480000
1786969230.452,480000,480000,480000,480000
1786969230.615,480000,480000,480000,547332
1786969230.777,650500,480000,480000,480000
1786969230.939,480000,480000,480000,480000
1786969231.099,480000,479994,480000,480000
1786969231.258,480000,480000,480000,480000
1786969231.420,699837,1277356,479994,479993
1786969231.584,479993,480000,480000,480005
1786969231.748,480000,480000,530404,977205
1786969231.910,480000,480000,480000,763639
1786969232.072,480000,480000,781983,1352156
1786969232.231,480000,480000,480006,480000
1786969232.392,480000,790773,480000,480005
1786969232.554,480000,480000,480000,480000
1786969232.717,480000,480000,817996,480000
1786969232.878,480000,480000,480000,480000
1786969233.046,480000,480000,711053,646372
1786969233.205,552706,684250,480000,480000
1786969233.369,480000,480000,633303,751919
1786969233.531,480000,480000,707009,718140
1786969233.691,480000,479960,480006,480000
1786969233.852,480000,479994,480000,1010448
1786969234.015,480000,825336,480000,480000
1786969234.176,480000,480000,480000,479993
1786969234.341,479942,480000,480000,480000
1786969234.503,480000,480000,595242,670698
1786969234.665,480000,862249,480000,480000
1786969234.826,480000,480000,598781,630431
1786969234.987,480000,480000,480000,480000
1786969235.148,480000,480000,480000,762827
1786969235.311,480000,480000,480000,480000
1786969235.476,480000,480000,480000,480000
1786969235.641,480000,480000,480000,480000
1786969235.804,480000,479994,480000,480000
1786969235.966,480000,480000,480000,480000
1786969236.130,480000,1083052,480000,480000
1786969236.294,480000,480000,480000,480000
1786969236.463,480000,480000,480000,480000
1786969236.625,603074,639014,480000,480000
1786969236.787,480000,480000,480000,480000
1786969236.951,480000,480000,479993,480000
1786969237.113,480000,480000,480000,480000
1786969237.276,480000,480000,480000,480000
1786969237.442,479994,552616,480000,480000
1786969237.604,479994,502188,480000,480000
1786969237.767,480000,480000,767952,1046531
1786969237.929,480006,480000,1156705,858259
1786969238.092,480000,480000,480000,480000
1786969238.257,480000,480006,480005,480016
1786969238.422,480000,480000,480000,709493
1786969238.586,480000,480000,480000,480000
1786969238.749,480000,480000,480000,480000
1786969238.912,480000,480000,735904,848459
1786969239.074,480000,739689,480005,480000
1786969239.240,480000,480000,480000,480000
1786969239.404,480000,480000,479993,480000
1786969239.567,480000,480000,480000,479993
1786969239.731,479993,875527,480000,480000
1786969239.892,480000,480000,480000,480000
1786969240.054,480000,480000,480000,480000
1786969240.219,480000,480000,635619,838107
1786969240.381,480000,480000,480000,480000
1786969240.542,480000,480000,480000,1051977
1786969240.703,479993,480006,479993,480000
1786969240.868,480000,479994,480000,480000
1786969241.031,604098,859224,480080,480000
1786969241.191,479993,480000,523395,637504
1786969241.355,480000,480000,480000,480000
1786969241.517,480000,480000,480000,503805
1786969241.680,480000,480000,479994,480000
1786969241.841,480000,540261,480000,480000
1786969242.005,480000,480000,480000,480000
1786969242.167,480000,479993,480000,480000
1786969242.334,480000,480000,480000,480000
1786969242.498,479994,480000,480000,480000
1786969242.662,480000,480000,480000,732755
1786969242.823,480000,480000,480000,480000
1786969242.981,480000,480000,602396,1360867
1786969243.142,480000,480000,480000,480013
1786969243.304,480000,480000,480000,480000
1786969243.480,479994,480000,480000,480000
1786969243.646,480000,480000,480000,480000
1786969243.806,480000,480000,480000,480000
1786969243.968,480000,480000,480000,480000
1786969244.130,480000,480000,685223,609116
1786969244.294,480000,480000,480000,480000
1786969244.464,480000,480000,480000,779881
1786969244.627,480000,480000,480000,480000
1786969244.791,480000,479993,480000,480000
1786969244.954,480000,480000,480000,480000
1786969245.116,480000,480000,479994,735720
1786969245.277,480006,480000,480000,480000
1786969245.441,535962,480000,480000,480000
1786969245.603,480000,480000,480000,480000
1786969245.766,872316,480000,480000,480000
1786969245.927,480000,656236,480006,480000
1786969246.096,480000,480000,480000,480000
1786969246.261,480000,480000,480000,480000
1786969246.424,480000,480000,479994,480000
1786969246.583,480000,480000,480000,480000
1786969246.744,480006,480000,480000,480000
1786969246.902,480000,480000,480000,480000
1786969247.063,480000,480000,480000,1219654
1786969247.225,480000,480000,480000,480000
1786969247.391,480000,480000,480000,479993
1786969247.552,480000,731127,480000,480000
1786969247.713,480000,714273,480000,480000
1786969247.877,480000,480000,480000,480000
1786969248.036,480000,480000,480000,480014
1786969248.198,480000,480000,480000,480000
1786969248.358,480000,480005,777749,794017
1786969248.519,480000,480000,479994,480000
1786969248.685,480000,939386,480000,480000
1786969248.848,480000,480000,480000,480000
1786969249.008,480000,480000,730732,764961
1786969249.171,480000,480000,480000,961245
1786969249.332,598920,1354281,480000,480000
1786969249.494,480000,480000,480000,480000
1786969249.656,480000,480000,627040,699855
1786969249.818,480000,479989,480000,480015
1786969249.984,480000,480000,480000,480000
1786969250.147,480000,480000,601377,596201
1786969250.306,480000,480000,480000,480000
1786969250.470,479992,680284,480000,480014
1786969250.633,479993,480000,664113,876039
1786969250.795,480000,480000,480000,480000
1786969250.957,480000,480000,581977,844034
1786969251.118,480000,480000,480000,480024
1786969251.288,480000,480000,480000,480000
1786969251.457,480000,479994,674728,480000
1786969251.617,480000,480000,480000,554297
1786969251.779,480000,681051,480000,480000
1786969251.940,480000,480000,733078,480000
1786969252.102,480000,1057388,480000,480000
1786969252.265,480000,480000,607485,620212
1786969252.429,480000,480000,480000,480000
1786969252.596,480000,480000,480000,480020
1786969252.759,480000,480000,480000,659759
1786969252.919,480000,480000,480000,480005
1786969253.080,480000,480000,480000,480000
1786969253.245,480000,480000,480000,480006
1786969253.409,480000,480000,732304,527187
1786969253.571,480000,480000,480000,480000
1786969253.732,480000,480000,480000,480000
1786969253.897,480000,480000,480000,480000
1786969254.060,632257,1171776,480000,480005
1786969254.221,480000,480000,480000,480000
1786969254.384,480000,1035489,480000,480000
1786969254.546,590010,1150562,480000,480000
1786969254.710,480000,480000,480000,480000
1786969254.870,480000,480000,697086,1092477
1786969255.029,480000,480000,480000,480000
1786969255.201,480000,480000,480000,480000
1786969255.367,480000,480000,480000,480000
1786969255.528,480000,480005,599622,480005
1786969255.690,480000,480000,480000,480000
1786969255.851,480000,480000,480000,480000
1786969256.011,480000,480000,480000,479993
1786969256.172,480000,480000,480000,682563
1786969256.335,479994,480000,480000,480000
1786969256.500,480000,480000,480000,480005
1786969256.667,480000,480000,480000,480000
1786969256.828,480000,480000,480000,480000
1786969256.989,811425,480005,480000,480006
1786969257.150,480000,480000,480000,480000
1786969257.311,480000,602858,480000,480005
1786969257.478,480000,480000,480000,480000
1786969257.638,480000,480000,480000,480000
1786969257.803,480000,480000,480000,480000
1786969257.972,480000,480000,479994,480000
1786969258.134,480000,480000,480000,480000
1786969258.299,480000,479989,480000,480000
1786969258.467,480000,480000,480000,480006
1786969258.628,480000,479993,480000,726239
1786969258.790,480000,633637,480000,480000
1786969258.951,480000,480000,480000,884324
1786969259.118,480000,480000,480000,480000
1786969259.282,480000,480000,480000,480000
1786969259.444,480000,479935,480000,480000
1786969259.605,480000,480000,1124163,1113415
1786969259.769,480000,629855,480000,480000
1786969259.930,479993,480000,480000,740539
1786969260.090,480000,480000,480000,479994
1786969260.254,480000,480000,480000,480000
1786969260.420,480000,480000,480000,480000
1786969260.585,480000,480000,480000,480000
1786969260.747,480000,480000,480000,480000
1786969260.909,858323,737639,480000,480000
1786969261.072,480000,480000,480000,480000
1786969261.234,480000,709288,480000,480000
1786969261.398,480000,480000,592603,593028
1786969261.562,480000,480006,480000,480000
1786969261.726,480005,480000,480006,480000
1786969261.892,480000,480000,480000,480000
1786969262.055,480005,480000,480000,533689
1786969262.217,502876,864053,480000,480000
1786969262.380,585600,480000,480000,480000
1786969262.541,480000,636154,480000,480005
1786969262.703,479984,480000,480000,479993
1786969262.866,479993,480000,480000,480000
1786969263.029,480006,480000,480000,480000
1786969263.197,480000,479994,480000,480000
1786969263.359,811675,1195470,480000,480000
1786969263.522,480000,480000,480000,480000
1786969263.682,480000,480000,2560000,480000
1786969263.845,480000,941237,480000,480000
1786969264.006,480000,480006,480000,480000
1786969264.167,480000,480006,480000,480000
1786969264.332,480000,480005,480000,480000
1786969264.502,480000,480000,480000,740461
1786969264.664,480000,480000,480000,480000
1786969264.826,480000,479993,755370,758417
1786969264.991,480000,919636,480000,480000
1786969265.154,480000,480000,552758,480000
1786969265.316,480000,480000,944155,950711
1786969265.478,480000,480000,480000,480000
1786969265.642,480000,480000,480000,480000
1786969265.809,480000,480000,480000,480000
1786969265.969,480000,679417,479993,480000
1786969266.131,480000,676418,480000,480000
1786969266.292,480000,480000,480000,480000
1786969266.455,480006,480000,734517,869054
1786969266.618,480000,480000,928094,480000
1786969266.780,480000,480000,480000,480011
1786969266.942,479994,480000,480000,479993
1786969267.109,480000,732703,480000,480000
1786969267.270,480000,480000,480000,480007
1786969267.434,480000,480005,480000,480000
1786969267.597,480000,734229,480000,479993
1786969267.760,480000,480000,480000,622204
1786969267.924,480000,480000,634270,824793
1786969268.084,2560000,480000,824059,615504
1786969268.249,480005,480000,480000,480000
1786969268.420,480000,1276302,480000,480000
1786969268.581,480000,480000,480000,480000
1786969268.743,480000,480000,480000,480000
1786969268.902,480000,480000,480000,480000
1786969269.063,480000,480000,748098,480000
1786969269.224,480000,480000,480000,480000
1786969269.387,480000,480006,480000,746731
1786969269.550,480006,480000,480000,480000
1786969269.719,480000,480000,480000,480000
1786969269.880,479993,480000,480000,614393
1786969270.041,479992,664429,480000,480000
1786969270.203,545401,1185137,480000,480000
1786969270.366,575755,813293,479993,480000
1786969270.529,480000,480000,480000,480000
1786969270.690,573525,715826,480000,480000
1786969270.851,832142,480000,480000,480000
1786969271.022,480000,480000,587119,848803
1786969271.184,480000,480000,480000,480000
1786969271.349,480000,480000,480000,868450
1786969271.511,480000,480000,480000,480000
1786969271.670,480000,480000,480000,480000
1786969271.829,480000,480000,480000,748149
1786969271.991,480000,883564,480000,480000
1786969272.154,480000,480000,480000,480000
1786969272.324,480000,480000,480000,480000
1786969272.488,480000,480000,480017,480000
1786969272.649,480000,480000,593199,684821
1786969272.811,480000,480005,792469,1159473
1786969272.973,1122769,480000,479994,480000
1786969273.135,480000,595845,479993,480000
1786969273.297,480000,480000,480000,480000
1786969273.461,479993,480000,480000,480000
1786969273.630,1600139,1600000,480000,480000
1786969273.794,480000,480000,820358,842581
1786969273.957,480006,480000,1132261,826887
1786969274.120,601737,931844,480000,480000
1786969274.282,480000,480000,480000,480000
1786969274.448,480005,480000,968281,1466639
1786969274.608,480000,620850,480006,480000
1786969274.772,480000,480000,480000,480006
1786969274.939,480000,479993,480000,747359
1786969275.101,480000,480000,674826,480000
1786969275.262,480000,480000,480000,480005
1786969275.425,480006,480000,480000,480000
1786969275.587,480000,980896,480000,480000
1786969275.747,480000,480000,1117455,863829
1786969275.908,531674,480000,480000,480000
1786969276.071,480000,479993,480000,480000
1786969276.241,480000,480000,480000,1505236
1786969276.403,480000,480000,480000,480000
1786969276.565,480000,480000,480000,480000
1786969276.728,480000,480000,480000,480005
1786969276.890,480000,479993,480000,480000
1786969277.051,480000,518016,480000,480000
1786969277.212,480000,480000,480000,480000
1786969277.373,480000,480000,480006,480000
1786969277.539,480000,480000,480000,480000
1786969277.702,627535,1165871,480000,480000
1786969277.864,480000,480000,480000,728575
1786969278.028,480000,480000,480000,585285
1786969278.189,480000,480000,480000,480000
1786969278.349,480000,480000,479993,480000
1786969278.512,480000,480000,480000,480020
1786969278.675,480000,480000,480000,480000
1786969278.841,480000,480000,928694,782779
1786969279.006,480000,480000,480000,480009
1786969279.166,480000,480000,1046485,1290823
1786969279.330,480000,480000,596737,642198
1786969279.493,480000,480000,480000,678633
1786969279.654,480000,480000,480000,480000
1786969279.812,480000,480000,480000,480000
1786969279.973,480000,480000,480000,480000
1786969280.137,480000,586340,480000,479987
1786969280.299,480000,480000,480000,480000
1786969280.462,480000,480000,479989,546865
1786969280.623,480000,480000,480000,480000
1786969280.784,480000,480000,698232,1482586
1786969280.946,480000,480000,480000,480000
1786969281.105,480000,480000,480000,480000
1786969281.266,480000,480000,480000,480000
1786969281.442,480006,480000,480000,480000
1786969281.608,480000,480000,770989,531555
1786969281.771,480000,480000,480000,480000
1786969281.933,480000,480000,479993,480000
1786969282.096,480000,480000,480000,480000
1786969282.258,480000,480000,480000,480000
1786969282.420,480000,1295458,480000,480000
1786969282.585,480000,480000,1496116,502703
1786969282.750,480000,480000,479994,480000
1786969282.914,480000,480000,727405,480000
1786969283.076,547472,848997,480000,480000
1786969283.239,480006,480000,631484,569220
1786969283.403,480000,619781,479994,480000
1786969283.563,480000,480000,480000,480000
1786969283.722,479993,480000,480000,480000
1786969283.882,479993,480000,480000,480000
1786969284.043,480000,480000,480000,480000
1786969284.210,480000,480000,480000,529546
1786969284.374,480000,480000,479910,480000
1786969284.536,480006,480000,480000,480000
1786969284.700,480000,934787,480000,480000
1786969284.863,480000,480000,480000,578613
1786969285.027,480000,714658,480000,480000
1786969285.190,480000,480000,480000,480000
1786969285.355,480000,480000,479993,480000
1786969285.521,480000,480000,480000,696898
1786969285.684,480000,480000,480000,548456
1786969285.847,588115,663615,480000,480005
1786969286.009,480000,480000,480000,480000
1786969286.171,480000,480000,480000,480005
1786969286.333,480000,642518,480000,480000
1786969286.496,480000,480000,480000,480000
1786969286.660,480000,479994,480000,480000
1786969286.827,480000,480000,480000,480000
1786969286.987,480000,480000,480000,480000
1786969287.146,480000,480000,480000,480000
1786969287.309,740107,480000,480000,480000
1786969287.475,480000,480000,480000,783919
1786969287.637,480000,480000,480000,480000
1786969287.799,480000,480000,480000,480000
1786969287.962,479993,480005,479993,480000
1786969288.127,480000,480000,480000,480000
1786969288.290,480000,480000,480000,480000
1786969288.461,480000,480000,480000,480000
1786969288.622,480000,480000,480000,480000
1786969288.783,480000,803836,479994,480000
1786969288.947,684837,480000,480000,480000
1786969289.109,480000,480000,480000,480000
1786969289.276,480000,480006,480005,479993
1786969289.442,480000,480000,480000,480000
1786969289.604,480000,480000,537245,853936
1786969289.766,480000,1028491,480000,480000
1786969289.926,648448,528043,480000,480000
1786969290.089,480000,480005,480000,480000
1786969290.249,480000,480000,480000,480000
1786969290.411,480000,480000,480000,480000
1786969290.578,480006,480000,480000,480000
1786969290.746,480000,480000,678405,480000
1786969290.910,480000,726908,479994,480000
1786969291.070,480000,480000,631117,998447
1786969291.232,480000,480000,480000,480000
1786969291.391,480000,1078256,480000,480000
1786969291.554,480000,480000,737527,480000
1786969291.718,480000,480000,480000,480000
1786969291.878,480000,480000,480000,479993
1786969292.046,480000,480000,480000,480000
1786969292.206,480000,480000,480000,480000
1786969292.365,480000,480000,480006,724552
1786969292.528,480000,480000,480000,480000
1786969292.690,480000,480000,480000,479993
1786969292.851,480000,480006,480000,480000
1786969293.014,480000,826401,480000,480005
1786969293.176,480000,480006,480000,480000
1786969293.342,480000,479994,600320,1544431
1786969293.504,480000,603783,480000,480000
1786969293.669,479994,480000,480000,1246709
1786969293.828,480000,708089,480000,480000
1786969293.988,480000,480000,480000,480000
1786969294.151,480000,1244381,480006,480000
1786969294.312,480000,1132251,480000,480000
1786969294.477,480000,480000,480000,480000
1786969294.641,480000,480000,626297,1272015
1786969294.804,480000,480000,480006,480000
1786969294.967,480000,480000,638531,870848
1786969295.128,480000,480000,480000,480000
1786969295.288,480000,480000,480000,480000
1786969295.454,480000,480000,480000,479994
1786969295.617,480006,480000,480000,479993
1786969295.780,480000,480000,480000,480000
1786969295.945,480000,480006,732313,1029668
1786969296.109,480000,480000,480000,480000
1786969296.270,480000,480000,480020,480000
1786969296.435,480000,731470,480000,480006
1786969296.600,480000,480000,589857,643470
1786969296.760,480000,480000,552946,621383
1786969296.921,480000,480000,480000,480014
1786969297.080,480000,480000,480000,479994
1786969297.247,480000,480000,479993,480000
1786969297.410,480000,480000,763882,921468
1786969297.572,480000,480000,480000,480000
1786969297.733,480000,480000,480000,480000
1786969297.893,611889,924561,480000,480000
1786969298.056,480000,531133,480000,480000
1786969298.218,479944,480000,480000,480000
1786969298.379,480000,480000,480000,480000
1786969298.543,480000,480000,480005,480000
1786969298.707,480000,480000,605794,480000
1786969298.866,480000,480000,479994,480000
1786969299.027,480000,1048668,480000,480000
1786969299.190,627854,1153763,479994,480000
1786969299.353,480000,480000,480000,480000
1786969299.514,480006,480000,480000,480015
1786969299.676,480000,480000,480000,480000
1786969299.841,480000,480000,753569,760472
1786969300.003,479961,480000,480000,480000
1786969300.165,480000,480000,480000,480000
1786969300.328,818280,1243271,480000,480000
1786969300.492,480000,479994,480000,480000
1786969300.654,480000,480000,480000,565216
1786969300.816,480000,479994,480000,480000
1786969300.978,480000,480000,480000,480000
1786969301.144,480000,480000,480000,480000
1786969301.305,480000,480000,480000,480000
1786969301.467,480000,480000,480000,480000
1786969301.631,480000,480000,480000,732517
1786969301.792,480000,480000,480000,479994
1786969301.952,480000,480000,480000,480000
1786969302.116,480000,480000,479951,480000
1786969302.278,480000,480000,480000,480000
1786969302.450,480000,480000,532379,682094
1786969302.614,480000,480000,480000,645253
1786969302.779,480000,480000,480000,480000
1786969302.941,714603,479993,480000,480000
1786969303.105,564585,480000,480000,480000
1786969303.267,480000,479993,480000,480000
1786969303.430,480000,480000,480006,480000
1786969303.594,479994,480000,479994,480000
1786969303.758,929791,1106206,480000,480006
1786969303.920,480000,480000,480000,480000
1786969304.082,480000,1248945,480000,480000
1786969304.244,480000,480000,479994,480000
1786969304.404,480000,480000,480000,480000
1786969304.566,479994,480000,480000,537242
1786969304.729,480000,480000,662920,1262047
1786969304.892,480000,480000,480000,480000
1786969305.058,480000,480000,480000,480000
1786969305.216,480000,480000,594666,628515
1786969305.378,480000,480000,480000,480000
1786969305.541,480000,1246766,480000,480000
1786969305.702,479993,480000,480000,480006
1786969305.865,480000,480000,480000,480000
1786969306.027,480000,818186,480000,480000
1786969306.190,479994,480000,480000,480000
1786969306.355,640610,1464576,480000,480000
1786969306.519,480000,480000,653118,914294
1786969306.682,480000,480000,480000,480000
1786969306.841,480000,480000,480000,731766
1786969307.001,480006,832366,480006,480016
1786969307.163,480000,480000,824267,480000
1786969307.324,480000,480000,480000,636312
1786969307.486,480000,480000,480000,480000
1786969307.655,480000,480000,480005,480000
1786969307.819,480000,480000,480000,480000
1786969307.980,480000,480000,480000,480000
1786969308.140,479993,480000,480000,480000
1786969308.300,480000,480000,480005,480000
1786969308.464,480000,480000,678515,480000
1786969308.628,480000,480000,480000,972531
1786969308.790,480000,480000,480000,480000
1786969308.960,1483349,648278,480000,480000
1786969309.124,480000,480000,480000,480000
1786969309.287,480000,480000,480000,480000
1786969309.451,480000,480000,480000,480000
1786969309.614,480000,480000,480000,480025
1786969309.776,479994,480000,480005,480000
1786969309.940,564204,866921,480000,480000
1786969310.100,480000,480005,480000,480000
1786969310.265,480000,480000,480000,480005
1786969310.431,897616,1329702,480000,480000
1786969310.593,479993,480000,480000,480006
1786969310.756,480000,480000,599374,563066
1786969310.917,480000,480000,732725,874918
1786969311.081,480000,480000,480000,1073551
1786969311.243,479993,480000,480000,479953
1786969311.406,480000,480000,480000,480000
1786969311.570,480000,480005,480000,480000
1786969311.735,480000,480000,480000,480000
1786969311.897,480000,480000,479993,480000
1786969312.059,480000,480000,480000,480006
1786969312.219,480000,480000,678247,480000
1786969312.381,490056,907589,480006,480000
1786969312.543,480000,480000,480000,811998
1786969312.706,480000,480000,480000,480000
1786969312.870,480000,480000,480019,480005
1786969313.033,480000,480000,680245,1600000
1786969313.196,479994,625309,479993,480000
1786969313.360,480000,480000,480000,480006
1786969313.522,480000,1171211,480006,480000
1786969313.685,479993,480000,479994,480000
1786969313.846,480000,480000,480006,480000
1786969314.008,480000,480000,479994,480000
1786969314.173,480000,480000,480000,480000
1786969314.337,480000,1523394,479994,536746
1786969314.499,480000,480000,480000,837492
1786969314.662,480000,480000,480000,480000
1786969314.823,696689,480000,480000,480000
1786969314.986,479994,480000,647794,1056594
1786969315.148,480000,480000,480000,480005
1786969315.311,480000,480000,480000,480000
1786969315.482,480000,480006,480000,480000
1786969315.646,539264,480000,480000,480000
1786969315.808,600070,480049,480000,480000
1786969315.969,480000,480000,480000,480000
1786969316.133,480000,479993,480000,480000
1786969316.293,480007,479994,480000,480009
1786969316.457,480000,479993,480000,965211
1786969316.620,480000,480000,480000,480000
